campaign_id,date,channel,region,product,impressions,clicks,spend,revenue
1,2024-10-16,Social Media,North,Product_C,33098,1365,2423,9553
2,2023-03-31,Billboard,West,Product_A,4905,113,65,202
3,2024-10-27,Partners,Central,Product_D,29893,2178,1610,6832
4,2023-06-13,Partners,West,Product_C,37421,1188,2007,3551
5,2023-04-10,Email,East,Product_C,6695,750,353,1287
6,2024-07-19,Email,Central,Product_C,76674,2830,542,1989
7,2023-03-23,Google Ads,North,Product_D,37434,2750,7155,12457
8,2024-11-17,Email,North,Product_B,71010,7958,1973,6250
9,2024-10-17,Partners,Central,Product_B,90733,5026,7165,14018
10,2023-11-20,TV,East,Product_A,28653,3949,5163,14077
11,2024-05-26,TV,West,Product_B,35718,1055,1679,5489
12,2024-03-14,Billboard,West,Product_C,29746,4450,2073,6536
13,2023-04-23,Google Ads,South,Product_D,79172,1495,2266,9199
14,2024-07-20,Social Media,North,Product_C,85012,4898,4791,6374
15,2023-09-27,Billboard,South,Product_A,82959,4295,4581,10961
16,2023-06-15,Billboard,Central,Product_A,79504,4403,1423,6675
17,2023-11-11,Google Ads,North,Product_B,75364,10744,8655,17424
18,2024-06-29,Google Ads,South,Product_D,73063,2419,4514,17410
19,2024-07-06,Partners,South,Product_C,53296,7958,10025,26291
20,2023-05-04,Google Ads,South,Product_A,45313,586,1130,2364
21,2024-12-25,Partners,North,Product_B,9834,1344,2087,2949
22,2024-11-16,TV,South,Product_B,95811,13506,17742,55703
23,2024-02-21,Google Ads,North,Product_A,87374,6146,9935,30144
24,2024-11-20,Partners,North,Product_A,53772,6019,8852,12791
25,2024-07-03,TV,South,Product_D,25050,1227,981,3608
26,2024-07-17,Social Media,North,Product_A,13224,1847,3652,6936
27,2023-08-07,TV,North,Product_B,50672,522,534,2386
28,2023-10-20,TV,Central,Product_D,21289,778,582,1093
29,2023-03-04,Partners,East,Product_A,7572,694,731,2109
30,2024-06-04,Social Media,South,Product_A,78992,1541,3083,9786
31,2024-08-06,Google Ads,Central,Product_A,82183,1765,3843,9961
32,2023-09-25,Google Ads,East,Product_B,35814,2342,5180,10369
33,2023-03-16,Social Media,West,Product_A,10602,904,1229,2046
34,2023-03-12,Google Ads,East,Product_C,21676,1546,2943,8568
35,2024-10-31,Billboard,North,Product_C,87951,2154,2915,7772
36,2024-07-20,Google Ads,East,Product_C,80276,3169,4509,17586
37,2024-06-01,TV,East,Product_A,13097,1293,2232,3235
38,2023-05-14,Partners,East,Product_B,98154,7053,9436,21008
39,2024-12-08,Google Ads,Central,Product_A,49393,4521,4319,6950
40,2023-02-10,Email,South,Product_B,88416,2156,1332,4664
41,2024-09-27,Partners,South,Product_B,22299,3270,4856,12856
42,2023-12-07,TV,South,Product_C,21866,2629,1506,6735
43,2023-08-16,Google Ads,West,Product_C,41001,5120,13778,31067
44,2024-02-13,Email,East,Product_A,37585,2223,1012,3904
45,2023-12-06,Social Media,North,Product_C,24405,2227,4944,8345
46,2023-12-20,Partners,East,Product_D,80457,11890,6086,18572
47,2023-02-15,Partners,West,Product_A,69146,9651,10653,40240
48,2024-11-17,Google Ads,East,Product_D,10171,1452,4079,13695
49,2023-05-08,Partners,East,Product_C,88410,5938,5423,9427
50,2024-03-06,Partners,West,Product_B,81676,7324,6727,21274
51,2023-08-04,TV,Central,Product_C,61946,4450,6590,21532
52,2023-06-23,Partners,North,Product_C,68561,7057,8588,18924
53,2023-08-29,Partners,East,Product_B,27100,830,344,1453
54,2023-03-16,TV,West,Product_B,95155,10228,12181,28107
55,2023-01-06,Social Media,West,Product_B,24053,2948,5019,13817
56,2023-05-05,TV,South,Product_D,88500,7465,9661,25548
57,2024-03-29,Billboard,Central,Product_D,72810,5273,2588,9172
58,2023-09-11,Partners,East,Product_D,83149,3616,3492,9640
59,2023-12-10,Email,Central,Product_A,19136,595,225,350
60,2024-02-29,TV,East,Product_D,55496,1038,1798,5167
61,2024-12-13,Social Media,Central,Product_D,63518,687,744,3051
62,2024-03-05,Billboard,Central,Product_B,64993,2646,2177,3086
63,2024-11-26,TV,South,Product_D,17728,2611,3275,13018
64,2024-11-09,Social Media,North,Product_D,18786,2467,1917,3695
65,2024-04-10,Email,East,Product_D,37471,4319,2803,4474
66,2023-01-20,Partners,Central,Product_A,46870,1940,865,2438
67,2023-02-01,Google Ads,South,Product_A,82439,2583,2332,7685
68,2023-08-12,TV,East,Product_C,22992,2180,4233,16276
69,2023-06-17,Email,North,Product_A,41888,3795,2636,8129
70,2023-07-23,Social Media,Central,Product_B,14356,1544,1532,5820
71,2024-08-02,Social Media,East,Product_D,87706,5427,7384,21019
72,2024-05-16,Social Media,West,Product_C,84307,11366,14520,22022
73,2024-06-18,Partners,East,Product_D,61931,4395,6036,15869
74,2023-03-30,Email,West,Product_B,99366,7458,3849,6756
75,2023-11-29,Google Ads,West,Product_B,47507,5781,8190,33968
76,2023-10-10,Billboard,North,Product_B,12221,535,421,1026
77,2024-05-02,Partners,West,Product_D,3260,75,49,139
78,2024-08-18,Email,West,Product_C,56771,8488,4076,9429
79,2023-11-10,Email,South,Product_A,95540,3531,782,2569
80,2023-07-09,Google Ads,South,Product_D,37241,4150,12217,29876
81,2023-04-13,Google Ads,East,Product_B,48301,1696,1075,2635
82,2023-02-25,Billboard,East,Product_B,84606,11132,9896,38054
83,2024-04-25,TV,West,Product_C,25164,3653,2936,8244
84,2023-03-08,TV,West,Product_A,76631,7519,3652,7098
85,2023-11-08,Social Media,South,Product_A,74147,8676,13372,38840
86,2024-06-19,TV,West,Product_D,39974,5213,10342,25108
87,2024-09-16,Partners,North,Product_B,82987,3281,4181,6364
88,2023-03-18,Google Ads,North,Product_D,60048,6395,11049,15253
89,2023-10-17,Partners,West,Product_A,91096,3887,2800,10263
90,2023-07-22,TV,North,Product_B,85886,2650,2186,2984
91,2023-11-11,Billboard,Central,Product_C,58560,1605,1807,7431
92,2024-05-27,Billboard,West,Product_D,11543,1081,1478,5237
93,2023-01-27,Social Media,South,Product_A,89117,11139,16566,45451
94,2024-06-15,Partners,West,Product_C,24788,3707,3559,16124
95,2024-04-26,Email,West,Product_C,43081,4472,2972,7711
96,2023-10-23,Partners,West,Product_A,60614,1353,951,1980
97,2024-06-10,Social Media,Central,Product_D,55165,970,1341,4095
98,2024-03-28,Social Media,South,Product_C,72987,2068,2002,7343
99,2023-01-30,Partners,Central,Product_B,94032,3025,3391,7384
100,2023-04-27,TV,North,Product_B,66323,9323,8082,25038
101,2024-05-09,TV,South,Product_D,73255,2215,1561,5372
102,2023-05-20,Social Media,East,Product_D,45548,6412,8745,27010
103,2023-11-02,Billboard,Central,Product_D,20476,1484,1307,3527
104,2024-01-22,TV,East,Product_B,92422,4014,4065,14004
105,2023-11-22,Partners,West,Product_D,51604,7656,11172,27669
106,2023-02-07,Google Ads,Central,Product_C,14154,1873,3103,8508
107,2023-05-28,TV,South,Product_A,62537,7467,6153,17659
108,2023-03-24,Email,Central,Product_D,42505,4154,2834,7897
109,2024-09-24,Social Media,South,Product_C,30817,3530,4345,8195
110,2023-04-13,TV,South,Product_C,4794,78,130,268
111,2023-05-30,Google Ads,Central,Product_D,75177,7927,8181,16893
112,2024-01-27,Billboard,South,Product_D,77435,2325,1984,3613
113,2023-01-10,TV,East,Product_B,10681,767,730,2347
114,2024-03-10,Partners,East,Product_D,40599,1538,1366,3115
115,2024-08-08,Email,Central,Product_C,92655,4756,3504,9530
116,2024-08-02,Partners,North,Product_D,38512,4567,3069,8942
117,2023-07-14,Billboard,East,Product_B,83345,1967,2071,3883
118,2023-02-04,Billboard,East,Product_B,12813,1759,1217,2535
119,2024-07-06,Email,Central,Product_C,22567,1037,668,2138
120,2023-12-13,Social Media,West,Product_A,19449,2247,1923,6778
121,2024-02-11,Billboard,East,Product_A,52717,629,593,1725
122,2024-11-19,Email,Central,Product_D,84695,11996,2579,3843
123,2024-07-28,Email,Central,Product_B,85889,1619,1043,3468
124,2024-02-23,Social Media,South,Product_A,5877,309,413,887
125,2023-05-19,TV,West,Product_C,88881,12702,19235,57702
126,2023-06-08,TV,North,Product_D,81694,5484,10542,15379
127,2024-03-30,TV,South,Product_C,14022,2065,2039,8320
128,2023-03-04,TV,East,Product_B,17011,2430,4176,5973
129,2024-10-16,Billboard,North,Product_A,44713,1971,889,1918
130,2024-07-21,Google Ads,Central,Product_B,31539,1766,1684,4432
131,2023-05-29,Google Ads,Central,Product_C,23871,606,1623,2716
132,2023-09-01,Billboard,East,Product_A,23838,1123,507,994
133,2023-03-07,TV,West,Product_C,68271,6356,7139,15675
134,2024-11-05,Billboard,East,Product_D,85323,12368,4613,11708
135,2024-12-03,Social Media,West,Product_D,10632,1444,1487,2157
136,2024-10-01,Partners,Central,Product_C,50925,7600,8305,23261
137,2023-04-12,Partners,North,Product_B,57370,4200,2813,6418
138,2024-03-01,Partners,North,Product_C,56936,3060,2162,9338
139,2024-04-30,Social Media,North,Product_A,13219,931,1666,3152
140,2023-03-03,Billboard,Central,Product_C,88819,2408,1744,6345
141,2023-02-22,Email,Central,Product_C,47090,1153,523,976
142,2023-04-21,Email,Central,Product_C,16058,1875,927,3936
143,2024-09-28,Billboard,Central,Product_A,80822,11320,14663,25701
144,2024-12-20,Email,East,Product_C,1800,63,14,32
145,2024-10-10,Social Media,North,Product_B,50308,3460,3680,10111
146,2024-08-04,Billboard,North,Product_A,21392,685,713,1960
147,2024-11-08,TV,West,Product_D,55287,2667,4288,7330
148,2023-10-18,Partners,Central,Product_D,70066,7244,2996,7898
149,2023-01-08,Google Ads,East,Product_B,18987,2221,2875,5166
150,2024-03-16,Google Ads,South,Product_D,70806,7683,13834,58680
151,2023-03-15,TV,North,Product_D,3456,257,134,292
152,2024-02-19,Partners,West,Product_C,16096,1073,1826,4469
153,2024-04-16,Partners,East,Product_A,58240,7467,5157,15547
154,2024-02-10,Email,East,Product_B,44655,5317,1041,3268
155,2023-07-18,Email,East,Product_B,31968,779,236,361
156,2024-11-02,Social Media,South,Product_D,61811,7146,12989,42728
157,2024-08-01,Partners,Central,Product_C,83210,4514,4359,12566
158,2023-10-09,Billboard,North,Product_C,67497,1376,1175,1725
159,2023-10-21,Social Media,North,Product_D,61648,5625,12192,29571
160,2024-08-08,Partners,South,Product_C,80299,6149,3450,4350
161,2023-12-18,Partners,North,Product_B,6130,273,262,690
162,2023-06-12,Email,East,Product_C,51779,3480,1228,4315
163,2024-10-24,Email,North,Product_C,13387,1179,450,1160
164,2024-09-09,Google Ads,East,Product_A,77380,7962,22295,55484
165,2024-11-09,TV,South,Product_A,41577,3669,5245,9455
166,2024-12-20,Partners,Central,Product_A,85675,8898,9448,12927
167,2023-08-08,Email,West,Product_B,30693,4603,1118,2936
168,2024-06-03,Billboard,Central,Product_A,87760,5015,6116,10350
169,2023-06-16,Google Ads,Central,Product_B,95526,6808,10797,29026
170,2024-03-30,Billboard,East,Product_D,31671,2684,1801,6224
171,2023-07-18,Email,Central,Product_D,61513,7241,4466,11712
172,2023-06-15,Google Ads,Central,Product_B,33768,584,1023,3131
173,2024-12-29,Billboard,North,Product_C,11993,1401,878,2605
174,2024-03-23,Social Media,South,Product_D,46820,6567,7859,18097
175,2024-01-31,Social Media,East,Product_B,4694,256,160,473
176,2023-05-30,Google Ads,North,Product_C,62925,6761,6308,19953
177,2023-01-06,Social Media,North,Product_C,29266,3713,5338,18007
178,2023-04-24,Email,South,Product_C,16970,283,113,383
179,2023-04-24,TV,Central,Product_A,83831,6886,5419,9645
180,2024-09-21,Email,South,Product_D,25551,2632,530,1545
181,2024-06-22,Billboard,Central,Product_A,52177,6901,2430,5539
182,2023-01-17,Email,North,Product_C,32604,3671,1934,7566
183,2023-12-07,Google Ads,North,Product_C,72567,4165,8924,35447
184,2024-12-13,TV,South,Product_B,9270,1021,1949,2547
185,2023-07-24,Social Media,East,Product_C,68552,4507,8643,16745
186,2024-10-24,Google Ads,East,Product_C,7265,953,1330,2218
187,2024-02-14,Partners,West,Product_D,45438,6648,6945,23907
188,2024-06-15,Email,North,Product_D,11345,797,595,1017
189,2023-04-16,Social Media,East,Product_C,41173,2982,5194,9619
190,2024-04-02,Social Media,East,Product_D,36986,3681,6900,12504
191,2024-02-20,Email,Central,Product_B,5081,152,78,194
192,2023-03-10,Google Ads,East,Product_C,51181,7315,4957,9056
193,2024-01-15,Email,West,Product_A,76225,2231,825,1635
194,2023-04-27,Social Media,South,Product_D,68861,4419,6456,11908
195,2024-04-01,Google Ads,Central,Product_C,91961,12718,22623,49522
196,2024-04-07,Google Ads,West,Product_A,90381,13146,39014,139205
197,2024-07-17,Billboard,East,Product_C,21644,2373,3352,12199
198,2024-06-04,Google Ads,North,Product_B,19202,828,1478,3704
199,2024-04-23,Billboard,South,Product_A,9617,512,767,2567
200,2024-02-24,Billboard,North,Product_B,42553,4252,3571,10362
201,2024-07-18,Partners,Central,Product_B,17912,1263,2052,2604
202,2023-06-06,Email,South,Product_B,43291,6098,1739,6803
203,2023-10-18,Social Media,East,Product_B,84238,12120,11441,37444
204,2023-04-06,Billboard,South,Product_B,23439,2395,2789,10129
205,2024-07-31,Social Media,North,Product_A,6958,993,1824,3258
206,2024-08-08,TV,Central,Product_A,66278,8911,11343,31035
207,2023-09-08,Partners,West,Product_C,60446,1221,529,1361
208,2023-07-28,Email,Central,Product_B,41970,5481,1872,6742
209,2024-02-13,Google Ads,East,Product_A,42827,1877,1678,3454
210,2023-02-21,Email,West,Product_D,33541,4855,3356,14945
211,2023-11-17,Google Ads,South,Product_D,68466,5159,13979,28917
212,2024-02-07,Billboard,West,Product_B,29199,2676,959,2236
213,2024-10-31,Partners,West,Product_C,71345,795,397,625
214,2024-01-10,TV,East,Product_A,53505,918,1192,2504
215,2024-01-31,Billboard,West,Product_C,82689,8703,3851,14198
216,2023-12-14,Billboard,East,Product_B,27090,2555,1997,2312
217,2024-12-31,Email,West,Product_D,20521,1946,893,2212
218,2023-06-16,TV,Central,Product_C,78820,4500,7763,24728
219,2023-11-03,TV,North,Product_C,44416,4634,9118,31786
220,2024-12-05,Partners,North,Product_D,35803,5205,7526,27098
221,2023-02-22,Billboard,West,Product_B,69712,6836,7134,20271
222,2024-11-28,Google Ads,North,Product_A,26006,329,445,931
223,2024-02-25,Billboard,Central,Product_D,97447,10898,12499,36233
224,2024-11-09,TV,Central,Product_D,42124,6063,6884,20042
225,2024-11-23,Partners,East,Product_D,26200,3773,2794,7938
226,2023-11-01,Email,South,Product_D,42555,3284,1596,6936
227,2023-10-22,Social Media,Central,Product_D,52712,6566,14237,43708
228,2023-10-22,Partners,North,Product_C,58983,6006,8386,20423
229,2023-10-05,Billboard,East,Product_B,15316,1473,1479,3432
230,2024-06-27,Google Ads,South,Product_A,14133,959,2226,4531
231,2023-01-06,Billboard,South,Product_D,86575,12198,16517,36467
232,2023-10-22,Email,East,Product_A,12725,1289,372,1506
233,2023-02-08,Google Ads,West,Product_B,5763,862,1338,4623
234,2023-10-24,Social Media,North,Product_C,75443,7121,15105,34342
235,2024-10-18,Billboard,Central,Product_D,18589,2400,2067,3144
236,2023-06-16,Partners,West,Product_C,95188,3433,4741,17154
237,2023-07-17,Google Ads,Central,Product_D,57059,4686,3787,9743
238,2023-05-24,TV,East,Product_B,1895,88,68,292
239,2023-11-06,Billboard,Central,Product_A,35282,3581,4051,5169
240,2023-11-11,Google Ads,West,Product_C,91477,2418,6767,16183
241,2023-08-13,Google Ads,West,Product_B,60634,6953,14279,37334
242,2024-04-27,Billboard,South,Product_B,90173,10429,14055,23193
243,2024-12-21,Email,North,Product_A,9094,1146,792,1623
244,2023-06-18,Email,Central,Product_D,16235,1708,990,3339
245,2024-04-01,Social Media,West,Product_B,68272,4653,6816,21792
246,2023-11-12,Partners,North,Product_D,34352,4270,5952,12749
247,2023-12-19,Partners,North,Product_A,10046,1487,1503,2693
248,2023-05-19,Partners,West,Product_C,51132,3722,6081,11117
249,2024-11-08,Billboard,South,Product_C,16549,578,546,1751
250,2023-08-17,Social Media,North,Product_C,61686,6433,9199,31082
251,2023-09-11,TV,East,Product_B,37129,1351,2432,5972
252,2024-11-07,TV,Central,Product_A,32544,1264,709,1188
253,2024-12-21,Social Media,South,Product_A,53725,3838,5455,21529
254,2023-05-24,Billboard,East,Product_B,96881,8782,8720,35637
255,2023-08-31,Email,South,Product_B,55206,2874,536,2547
256,2023-06-29,Partners,West,Product_D,7145,1044,1741,6482
257,2023-11-23,Partners,West,Product_D,20558,1068,648,1556
258,2023-08-19,Email,South,Product_D,8552,758,553,1248
259,2023-09-06,Email,South,Product_C,85765,1807,758,1879
260,2023-07-15,Social Media,East,Product_D,89299,8456,4407,8767
261,2024-08-24,Partners,Central,Product_B,63835,2505,4057,11408
262,2023-08-05,Google Ads,North,Product_D,32797,3521,8059,16939
263,2023-11-26,Email,West,Product_D,70946,7152,2396,7068
264,2024-04-22,Social Media,West,Product_C,27624,1709,2042,4942
265,2023-05-30,Social Media,East,Product_D,39691,1243,1297,3812
266,2024-05-26,Billboard,East,Product_C,65044,9451,10112,22082
267,2023-12-27,Google Ads,South,Product_D,25123,3476,6608,15083
268,2023-02-04,Social Media,North,Product_A,55053,1610,2552,3369
269,2023-08-12,Billboard,West,Product_C,8923,861,947,2851
270,2024-05-14,Social Media,North,Product_D,2553,31,54,133
271,2024-05-29,Partners,West,Product_B,15026,2081,2256,5083
272,2023-09-16,Email,East,Product_D,11357,706,277,1044
273,2023-08-20,Email,North,Product_A,13255,884,332,966
274,2024-12-20,Google Ads,North,Product_D,57873,5803,8095,40996
275,2024-06-24,Social Media,South,Product_B,91739,12316,16083,19357
276,2023-10-15,Billboard,Central,Product_A,24508,3431,2324,9545
277,2024-12-30,TV,North,Product_C,22292,1982,2589,10378
278,2024-07-07,Email,West,Product_B,91349,10174,4583,13207
279,2024-03-23,Google Ads,North,Product_C,80320,9450,27326,79265
280,2023-01-31,Partners,East,Product_D,65304,2738,3078,6090
281,2024-08-22,Partners,West,Product_A,82083,4215,2929,4245
282,2024-01-25,Partners,South,Product_D,42507,2571,1229,4583
283,2023-10-04,Social Media,South,Product_A,25561,1797,2610,5530
284,2023-04-02,Email,Central,Product_A,79240,7426,2559,5515
285,2024-02-02,Social Media,Central,Product_B,75967,6301,10608,17577
286,2023-10-02,TV,South,Product_A,22916,1623,1742,3523
287,2023-09-15,Google Ads,West,Product_B,61012,1523,2027,7058
288,2024-09-27,TV,East,Product_D,44874,3154,5417,17901
289,2023-11-04,Email,Central,Product_B,63784,3443,2509,8608
290,2024-12-12,Partners,West,Product_B,43714,2738,4088,7796
291,2024-07-31,Google Ads,Central,Product_B,90353,10613,7053,29622
292,2023-08-03,TV,East,Product_A,54627,5693,3544,6812
293,2023-06-07,Partners,West,Product_D,10694,779,924,2787
294,2024-12-09,TV,Central,Product_A,48124,5208,8851,32984
295,2023-04-22,Google Ads,East,Product_B,85803,8217,16037,54311
296,2023-12-06,TV,North,Product_A,13924,643,782,2292
297,2024-08-12,Google Ads,West,Product_C,52266,3911,8725,22249
298,2023-01-26,TV,North,Product_C,55522,7710,4143,16872
299,2023-12-23,Email,East,Product_D,28114,2332,837,1654
300,2024-04-08,Email,North,Product_C,6856,846,185,729
301,2024-11-24,Google Ads,South,Product_B,73339,2377,4620,15104
302,2024-02-19,Partners,South,Product_B,84948,8666,7832,32205
303,2024-04-05,Billboard,West,Product_D,1583,172,94,376
304,2023-03-06,Billboard,North,Product_B,48945,2723,2311,6066
305,2024-06-24,Partners,East,Product_D,81125,5269,2686,6230
306,2023-06-26,Partners,East,Product_A,89094,2561,1318,2415
307,2024-12-11,Google Ads,Central,Product_D,55819,5219,10331,26211
308,2024-07-04,Partners,South,Product_B,65178,3287,2011,7768
309,2024-01-03,Social Media,West,Product_B,26575,3298,7205,19851
310,2024-12-02,TV,West,Product_D,65054,2173,2834,8231
311,2023-02-03,Email,South,Product_C,23047,2749,1345,4602
312,2024-06-07,Social Media,Central,Product_A,36112,4279,8266,23847
313,2023-02-12,Partners,West,Product_B,56725,1380,2086,6191
314,2023-02-03,TV,East,Product_C,12401,886,1763,5106
315,2024-08-25,Partners,East,Product_D,22755,2190,3172,13263
316,2024-08-06,Email,Central,Product_C,79231,6768,2329,6633
317,2023-10-01,Billboard,North,Product_B,99316,11917,16713,81191
318,2023-05-10,Partners,South,Product_B,20168,2210,3336,12555
319,2024-05-16,Google Ads,Central,Product_C,83288,5662,9539,36128
320,2023-04-06,TV,Central,Product_C,92056,12987,12863,44686
321,2023-01-03,Partners,North,Product_D,84209,8671,7383,12496
322,2023-08-12,TV,South,Product_D,36197,1998,1705,3806
323,2024-05-11,Email,North,Product_A,14051,1372,894,1732
324,2023-06-11,TV,West,Product_A,57072,2187,3284,6549
325,2023-06-12,Email,North,Product_C,33819,728,399,910
326,2024-10-02,Email,South,Product_D,86915,1978,409,621
327,2024-08-30,Google Ads,Central,Product_D,2217,24,34,74
328,2024-12-11,Google Ads,West,Product_A,31008,1973,4644,7241
329,2023-11-03,Google Ads,West,Product_B,85092,12679,11954,23821
330,2024-10-27,Google Ads,West,Product_C,95690,3811,9130,37107
331,2024-03-29,Google Ads,North,Product_A,19351,2231,4495,14131
332,2023-11-19,Google Ads,South,Product_C,85491,1863,3592,11471
333,2024-12-08,Social Media,East,Product_B,68862,6539,5162,13921
334,2023-09-03,TV,West,Product_A,32599,2606,3518,12767
335,2024-01-05,Email,South,Product_D,75498,5203,2486,4719
336,2023-03-16,Social Media,Central,Product_A,2807,131,68,131
337,2024-06-02,Email,Central,Product_D,56518,6118,1220,3707
338,2023-10-12,Social Media,East,Product_A,68017,9449,20823,35235
339,2024-08-23,Partners,North,Product_C,92576,6595,11111,19723
340,2024-03-20,Social Media,West,Product_A,41539,4288,7008,9615
341,2023-05-21,Partners,North,Product_B,66065,9475,10253,40145
342,2023-06-20,Email,South,Product_C,97067,13016,7976,14861
343,2023-10-06,Billboard,North,Product_C,94365,13825,14558,40152
344,2023-02-26,TV,Central,Product_B,49193,1575,2578,10636
345,2023-04-29,Google Ads,Central,Product_A,6772,881,554,821
346,2023-06-03,Google Ads,North,Product_D,30427,1675,2678,7626
347,2023-03-21,Billboard,East,Product_A,66803,6965,2529,5253
348,2023-02-17,TV,North,Product_D,38002,4495,4032,6739
349,2024-01-13,Google Ads,East,Product_C,97937,9517,16306,48385
350,2023-07-20,Partners,Central,Product_B,20735,225,207,391
351,2024-12-11,Social Media,East,Product_A,87154,5462,9714,18140
352,2023-09-01,TV,West,Product_A,19661,2155,1182,5566
353,2024-06-16,TV,East,Product_D,99028,2167,1198,2618
354,2023-03-18,Billboard,Central,Product_A,58014,5960,2722,7345
355,2024-02-07,Partners,East,Product_C,60343,2900,1318,3089
356,2024-08-21,Social Media,South,Product_A,22544,1644,1669,2751
357,2023-08-01,TV,East,Product_D,35735,4622,2517,7816
358,2024-12-22,Partners,Central,Product_A,29183,3707,2998,4398
359,2023-12-31,TV,Central,Product_A,89759,4652,7964,19587
360,2024-04-08,Billboard,Central,Product_B,13415,1001,1265,1654
361,2023-08-16,Google Ads,South,Product_D,49790,5281,15051,27068
362,2023-03-18,Social Media,North,Product_B,85670,6175,4210,18971
363,2023-12-06,Social Media,North,Product_D,7637,255,378,1258
364,2023-01-31,TV,West,Product_B,47392,1898,1327,3590
365,2023-02-05,Billboard,Central,Product_B,85840,4404,3498,7412
366,2023-10-14,TV,South,Product_D,27143,2713,4545,12508
367,2024-07-10,Social Media,West,Product_C,63873,5507,7282,27577
368,2024-02-02,Email,South,Product_A,42795,4005,671,2055
369,2024-04-28,Billboard,East,Product_B,21922,526,572,1474
370,2023-02-27,Google Ads,Central,Product_D,47504,6694,19946,32482
371,2023-11-22,Partners,East,Product_A,93202,10073,16888,50987
372,2023-07-12,TV,Central,Product_C,24010,1888,1027,1777
373,2024-06-23,TV,North,Product_C,81495,3113,1895,7806
374,2023-11-28,Social Media,North,Product_B,77888,8463,5966,10770
375,2024-01-09,Social Media,East,Product_D,77810,1878,1865,2728
376,2024-03-23,Partners,West,Product_C,23833,2597,2952,11743
377,2024-01-01,Google Ads,Central,Product_B,50595,2679,6034,12478
378,2024-12-19,Billboard,West,Product_A,24865,2345,3295,10750
379,2024-08-02,Social Media,West,Product_B,44406,5077,4459,14124
380,2023-04-01,Partners,East,Product_D,2493,117,81,115
381,2023-04-21,Partners,North,Product_A,51585,3680,3450,6268
382,2024-01-23,Email,Central,Product_D,14294,1801,1122,3816
383,2023-08-19,Google Ads,West,Product_A,5379,275,375,1083
384,2023-06-24,TV,South,Product_A,72702,10313,20263,61348
385,2024-05-09,Partners,North,Product_D,86673,2868,4576,6589
386,2023-07-30,Google Ads,West,Product_C,87585,4327,5063,8576
387,2024-05-17,Google Ads,North,Product_C,1500,104,135,451
388,2023-07-24,Social Media,North,Product_B,23391,2323,5130,10592
389,2024-02-12,TV,West,Product_C,12945,1292,1317,2969
390,2023-07-11,TV,North,Product_C,58637,4404,3355,5368
391,2024-12-14,Partners,North,Product_A,88574,5148,5704,23604
392,2024-07-20,Social Media,West,Product_D,71190,7559,16141,39815
393,2023-11-03,Social Media,West,Product_A,66811,6011,8296,31334
394,2023-05-31,Social Media,West,Product_B,22910,3347,6376,11043
395,2024-11-30,TV,South,Product_B,78994,3641,6762,18947
396,2024-02-02,Billboard,West,Product_C,37202,3078,4311,7393
397,2024-08-24,Billboard,West,Product_A,55321,1712,1677,6341
398,2023-04-13,Social Media,Central,Product_A,38498,5060,10293,32647
399,2024-11-01,TV,Central,Product_D,5910,201,209,705
400,2024-02-16,Social Media,West,Product_C,91507,3958,7094,33397
401,2023-01-21,Email,East,Product_C,37745,4831,3212,13242
402,2023-08-22,Google Ads,East,Product_D,43056,2054,3286,8316
403,2023-08-05,TV,West,Product_C,8367,687,449,1026
404,2023-05-19,Billboard,Central,Product_A,23772,879,1142,3485
405,2024-04-12,Social Media,East,Product_B,36910,2272,2920,9125
406,2024-11-28,Social Media,South,Product_C,65066,6061,4664,18039
407,2023-12-25,Email,South,Product_C,99167,12526,2558,2928
408,2024-08-08,Google Ads,South,Product_B,89826,3498,7569,25674
409,2024-11-29,Social Media,West,Product_B,85852,2940,5561,12196
410,2023-11-09,Partners,East,Product_D,50345,6505,6456,11638
411,2024-06-17,Billboard,West,Product_A,1963,160,175,583
412,2024-10-24,Billboard,Central,Product_C,40121,4245,3727,7553
413,2023-11-29,Email,East,Product_C,25688,796,484,2147
414,2024-09-06,TV,East,Product_B,95540,1295,1548,4312
415,2024-02-19,TV,North,Product_B,45979,5136,3881,12890
416,2024-11-18,Email,Central,Product_C,23280,2972,2008,2974
417,2023-05-12,Partners,East,Product_B,90091,12247,15507,26585
418,2023-11-11,TV,East,Product_C,35152,3233,3692,4850
419,2024-10-11,Billboard,Central,Product_A,62894,8460,7618,25964
420,2023-11-02,TV,North,Product_B,19004,2830,2683,13155
421,2024-04-13,Google Ads,East,Product_B,11592,907,1917,4023
422,2023-01-05,TV,East,Product_B,23099,2094,1368,5532
423,2023-05-13,Billboard,West,Product_D,53873,3774,3294,5080
424,2024-01-18,Social Media,East,Product_B,3348,350,552,1307
425,2023-12-19,Email,South,Product_A,51272,4125,1376,1664
426,2023-10-25,TV,Central,Product_C,57841,7768,15479,45267
427,2024-01-03,Google Ads,South,Product_D,3506,147,344,717
428,2024-08-26,Billboard,South,Product_A,49049,5373,6719,17759
429,2024-07-01,Billboard,North,Product_A,87765,2206,2875,3585
430,2024-03-30,TV,North,Product_C,63180,6839,4984,11303
431,2024-03-06,Partners,North,Product_C,82631,7832,4245,11583
432,2024-09-24,Social Media,East,Product_A,14928,1189,1838,7591
433,2023-07-26,Email,West,Product_C,22020,341,152,386
434,2023-12-05,Google Ads,North,Product_A,89032,1999,1729,5057
435,2023-04-03,Billboard,North,Product_A,34540,3461,2935,9935
436,2023-02-21,Social Media,South,Product_A,39085,2361,3938,7773
437,2023-02-16,Social Media,South,Product_B,44078,2647,3276,12278
438,2023-04-06,Email,East,Product_B,15920,1052,765,1553
439,2024-05-04,TV,South,Product_A,18368,1973,974,2988
440,2024-03-02,Billboard,West,Product_D,24758,2366,2922,10774
441,2023-05-14,TV,West,Product_A,54907,3936,1973,4379
442,2024-11-25,Billboard,Central,Product_B,88797,11742,10836,37374
443,2024-03-19,Partners,South,Product_D,46318,4767,5949,13315
444,2024-09-19,Social Media,North,Product_B,67265,8666,17187,47032
445,2024-05-18,Email,South,Product_C,37458,638,180,527
446,2023-08-29,Social Media,West,Product_D,76108,5535,11024,22255
447,2024-05-24,Partners,North,Product_A,53879,3649,4123,4667
448,2024-09-10,Billboard,East,Product_B,86799,9027,13002,22939
449,2023-08-17,TV,East,Product_D,94933,9683,14964,30867
450,2023-08-16,Social Media,East,Product_C,84055,12189,11891,37398
451,2023-02-16,Google Ads,West,Product_B,94959,10820,17118,29889
452,2023-05-04,TV,South,Product_D,25979,2866,1640,5224
453,2024-11-19,Billboard,North,Product_D,60950,6228,9014,16543
454,2024-06-27,Partners,North,Product_D,77692,6029,6400,19624
455,2024-08-15,Google Ads,South,Product_A,51778,5284,10857,30746
456,2024-03-04,Billboard,South,Product_C,53149,7701,11278,23154
457,2024-02-27,Billboard,Central,Product_C,92946,8057,5452,18806
458,2023-08-11,Google Ads,South,Product_C,90995,5308,11750,50634
459,2023-07-02,Billboard,Central,Product_C,94107,2461,1778,5005
460,2024-11-14,Partners,West,Product_C,56363,6941,7508,9238
461,2024-11-17,Social Media,South,Product_C,99328,11916,26457,66878
462,2023-03-05,Partners,East,Product_B,99775,8557,7291,20522
463,2024-11-22,Partners,Central,Product_B,98309,9889,8845,28940
464,2024-12-13,Email,North,Product_D,51797,3538,2203,9056
465,2023-02-25,Social Media,East,Product_B,82338,10838,21663,47187
466,2024-10-10,Partners,East,Product_B,96015,13922,10606,22872
467,2023-07-11,Google Ads,Central,Product_A,50440,791,1004,1727
468,2023-09-19,Social Media,East,Product_D,94020,13280,6930,28022
469,2024-10-02,Billboard,East,Product_D,76061,6619,2564,8509
470,2023-07-08,Billboard,North,Product_B,55516,4776,3744,10930
471,2024-11-10,Email,East,Product_C,39479,1602,963,3532
472,2024-10-26,Social Media,North,Product_C,59414,2593,4164,13378
473,2023-02-10,Partners,East,Product_D,15860,1015,1122,3087
474,2024-01-19,Billboard,Central,Product_D,64806,1045,1439,2874
475,2023-04-09,Google Ads,Central,Product_A,83173,1594,3520,14734
476,2024-03-10,Social Media,South,Product_D,85746,10662,6182,14196
477,2023-12-06,Social Media,North,Product_A,8113,283,255,509
478,2023-09-22,TV,West,Product_D,83603,5569,5046,9623
479,2023-01-07,Partners,Central,Product_A,98773,9085,12094,25558
480,2023-04-19,Email,East,Product_A,37899,4439,1831,4994
481,2024-04-30,Google Ads,Central,Product_B,18875,2162,5431,17259
482,2024-10-11,Google Ads,East,Product_C,2461,215,415,527
483,2024-09-02,TV,Central,Product_A,40936,1613,2558,7012
484,2024-10-23,Billboard,South,Product_B,25116,1027,1336,2145
485,2024-08-03,Social Media,Central,Product_D,85498,7434,7234,9159
486,2024-08-17,TV,East,Product_C,17805,1851,1434,2354
487,2023-07-18,Email,West,Product_D,44036,4240,1413,4347
488,2024-01-09,Email,West,Product_B,1633,87,54,192
489,2023-10-11,Email,South,Product_C,63908,4780,1745,4072
490,2023-06-29,Partners,Central,Product_A,37780,4919,2685,6557
491,2024-10-03,Social Media,North,Product_A,67476,6641,12702,43482
492,2023-08-06,Social Media,Central,Product_C,72233,9762,13875,34325
493,2024-02-06,Google Ads,Central,Product_C,18548,1392,2540,6337
494,2024-11-09,Google Ads,Central,Product_B,68388,2027,1990,6031
495,2023-05-30,Partners,West,Product_C,6297,255,263,401
496,2023-02-13,Partners,South,Product_C,51868,3929,3875,8068
497,2023-11-28,Social Media,Central,Product_C,98243,4604,6582,13907
498,2024-01-10,Billboard,North,Product_C,50326,7356,4174,12493
499,2023-12-20,TV,West,Product_A,66776,8913,9838,20591
500,2023-10-15,Google Ads,South,Product_B,21625,1312,3045,4583
501,2023-12-05,Partners,North,Product_D,89503,6894,4446,10153
502,2023-01-23,Google Ads,North,Product_B,76168,7078,6535,22440
503,2023-05-31,Social Media,South,Product_C,24597,2025,2389,10146
504,2024-11-08,Email,North,Product_B,59877,5683,2459,5529
505,2024-02-25,Billboard,South,Product_B,82685,8462,5224,15661
506,2024-04-09,Billboard,Central,Product_A,31122,1959,898,1403
507,2024-05-31,Partners,West,Product_B,80365,1887,1917,4211
508,2024-06-28,Billboard,North,Product_A,64208,6569,9080,18121
509,2024-11-25,Partners,West,Product_D,49546,6563,8707,28289
510,2024-05-08,TV,East,Product_A,56769,1631,1897,4798
511,2023-10-18,Billboard,Central,Product_D,34791,1268,1459,5305
512,2023-05-01,Billboard,North,Product_D,86792,3363,4254,8196
513,2024-03-12,Partners,Central,Product_C,35249,4571,4310,9003
514,2024-11-27,TV,South,Product_D,73365,8784,10294,25791
515,2023-09-17,Email,Central,Product_C,93470,6144,1430,4037
516,2023-08-24,TV,South,Product_A,29109,2362,3915,14648
517,2024-12-01,Partners,North,Product_B,52000,7542,2695,3665
518,2024-09-06,TV,North,Product_A,35483,1456,768,1139
519,2024-02-15,Billboard,Central,Product_C,94271,13659,5039,13932
520,2024-05-21,TV,North,Product_B,87099,12220,15018,34922
521,2024-06-06,Billboard,South,Product_B,89345,1344,789,940
522,2023-10-10,TV,East,Product_D,54143,4983,6121,15163
523,2023-04-03,Billboard,East,Product_C,46544,6742,4259,10490
524,2024-02-18,Billboard,North,Product_C,23942,1604,686,1010
525,2023-04-30,Billboard,East,Product_C,91989,6622,4983,11419
526,2023-12-14,TV,West,Product_A,64172,1686,856,3422
527,2024-11-24,Partners,South,Product_C,55057,7915,8493,15526
528,2023-09-12,Email,North,Product_D,89302,10254,3642,8484
529,2023-11-18,Email,South,Product_C,24957,3558,1991,7511
530,2023-07-24,Google Ads,South,Product_C,28102,1182,3077,10094
531,2023-04-20,Social Media,North,Product_D,81455,890,1773,8347
532,2024-01-16,Billboard,East,Product_D,76303,10043,8927,44185
533,2023-10-14,TV,South,Product_B,8097,676,728,2016
534,2023-12-22,TV,South,Product_D,16776,1807,2052,4676
535,2023-08-04,TV,Central,Product_A,43655,2646,4707,7944
536,2023-10-03,TV,Central,Product_C,48962,1750,1887,5535
537,2024-01-09,TV,East,Product_D,24578,2211,4348,16614
538,2023-10-04,Google Ads,Central,Product_D,50923,1907,4805,15818
539,2023-01-10,Google Ads,West,Product_D,18625,2782,7340,23209
540,2024-05-13,Email,East,Product_A,53219,1269,314,545
541,2024-10-06,Social Media,West,Product_C,35048,2121,3093,10123
542,2023-01-21,TV,North,Product_C,90074,13045,9370,30010
543,2023-06-28,Email,East,Product_C,89236,7269,4469,8738
544,2024-09-20,Email,West,Product_B,22964,2289,1618,4411
545,2024-02-19,Social Media,North,Product_B,46039,1931,1970,3777
546,2024-10-22,TV,East,Product_D,48600,5574,6875,14448
547,2023-01-24,Google Ads,South,Product_C,98501,10647,8434,12318
548,2023-03-07,TV,Central,Product_A,4455,525,650,1977
549,2024-09-24,Google Ads,North,Product_D,41549,1749,4145,8386
550,2024-06-23,Google Ads,North,Product_A,87972,5274,14749,52927
551,2024-07-07,Email,Central,Product_D,18709,2726,1549,3185
552,2024-10-08,Partners,Central,Product_D,69610,6931,7605,28372
553,2023-08-21,Social Media,West,Product_C,48943,3313,2419,3743
554,2023-05-20,Email,East,Product_D,71136,794,558,2128
555,2023-01-10,TV,East,Product_B,1946,168,117,417
556,2023-09-13,Google Ads,West,Product_D,29913,1400,2258,5491
557,2024-09-19,Partners,East,Product_C,85994,9804,14532,44603
558,2023-07-06,Google Ads,East,Product_A,84478,6230,10507,33996
559,2023-11-25,Social Media,South,Product_A,71119,931,2048,3500
560,2024-03-24,Partners,North,Product_B,12822,398,414,864
561,2024-05-25,Email,West,Product_A,44286,940,564,904
562,2024-02-06,Social Media,Central,Product_D,24803,915,1797,7620
563,2023-05-05,Partners,South,Product_D,59059,2634,4589,10463
564,2023-04-07,Billboard,South,Product_D,52003,5481,3697,9192
565,2023-02-13,Partners,Central,Product_A,34202,2646,2033,3569
566,2024-11-13,Google Ads,North,Product_B,83956,5942,3780,13846
567,2024-02-10,Google Ads,North,Product_A,77162,9235,16074,44360
568,2023-04-02,Google Ads,South,Product_D,12980,1376,1943,8812
569,2023-03-03,Social Media,East,Product_B,92924,7906,5085,12308
570,2024-07-25,Partners,East,Product_D,97100,3594,4725,8837
571,2023-02-10,TV,West,Product_C,72137,7760,5460,9756
572,2024-04-24,Email,Central,Product_B,10027,845,354,1287
573,2024-04-09,Social Media,Central,Product_D,97161,3495,1690,7174
574,2023-09-02,Email,North,Product_D,25886,2158,967,2972
575,2023-11-27,TV,East,Product_A,13616,1133,574,1602
576,2023-02-02,Google Ads,North,Product_D,26115,622,1225,4815
577,2024-06-22,Billboard,Central,Product_C,7433,455,467,985
578,2023-08-02,Partners,West,Product_A,62349,7615,3312,12109
579,2024-03-01,Email,North,Product_C,70339,1103,212,606
580,2024-06-15,Social Media,North,Product_B,70685,4520,3605,11803
581,2023-07-03,Billboard,Central,Product_D,98793,2447,2609,6093
582,2024-11-12,TV,North,Product_B,24644,2143,2587,8298
583,2024-09-06,TV,East,Product_C,73100,10877,10000,28143
584,2024-03-16,Partners,East,Product_B,74812,6462,5654,18644
585,2024-01-04,TV,West,Product_D,1025,114,224,676
586,2023-11-06,Social Media,East,Product_B,29157,3784,1850,7325
587,2023-10-10,Billboard,Central,Product_B,13358,204,148,251
588,2024-08-19,Google Ads,South,Product_C,40361,922,1437,6219
589,2023-11-29,TV,South,Product_D,91386,9906,16951,31982
590,2023-02-08,Partners,Central,Product_D,11286,1345,2206,6327
591,2024-03-20,TV,North,Product_B,98999,10037,13687,24404
592,2024-01-27,Social Media,East,Product_A,42853,3667,2637,6050
593,2023-02-21,Partners,West,Product_D,99676,9301,9827,17649
594,2024-02-08,Google Ads,South,Product_C,11819,905,2161,5319
595,2024-02-13,Billboard,West,Product_B,18677,1444,776,2013
596,2024-07-28,Billboard,Central,Product_B,32760,656,808,2339
597,2023-04-02,Social Media,West,Product_D,48876,2872,2950,6291
598,2023-11-09,Google Ads,East,Product_D,82681,2514,1779,5170
599,2024-01-18,Google Ads,North,Product_A,97938,1727,4969,23162
600,2023-10-22,Social Media,East,Product_A,40992,2992,1468,3036
601,2023-07-28,Billboard,Central,Product_C,72932,5661,6656,13807
602,2023-01-19,TV,Central,Product_A,34483,1167,997,3707
603,2023-02-24,TV,North,Product_A,51940,5321,7772,26929
604,2023-04-21,Social Media,East,Product_D,31299,4606,6288,25577
605,2024-05-11,Billboard,Central,Product_A,25434,962,1404,4593
606,2023-02-10,Google Ads,Central,Product_C,44721,3514,8386,14397
607,2023-12-30,Partners,East,Product_B,66700,3243,1416,2830
608,2023-01-31,Billboard,East,Product_B,20884,1208,931,1952
609,2024-06-17,Partners,Central,Product_B,55700,2431,1370,6701
610,2023-12-04,TV,Central,Product_B,28100,2847,3785,9980
611,2023-05-22,Email,Central,Product_B,57369,8570,6302,14790
612,2023-06-11,Email,North,Product_A,25134,1368,927,3565
613,2024-02-28,TV,East,Product_D,98728,13893,25432,84253
614,2023-07-12,Social Media,South,Product_B,4433,517,802,1807
615,2023-08-25,Billboard,South,Product_B,91095,1243,491,1321
616,2024-09-11,TV,East,Product_B,51785,4080,2529,3607
617,2023-01-16,Email,West,Product_B,98303,10222,2777,4503
618,2024-03-25,Billboard,West,Product_C,60971,8186,6655,24379
619,2024-01-25,Partners,East,Product_D,81151,11481,13211,40707
620,2024-12-22,Social Media,Central,Product_A,60193,4452,9037,28293
621,2024-07-04,TV,North,Product_D,68649,8040,15598,29683
622,2023-11-08,Email,West,Product_B,56372,2887,2024,8108
623,2024-04-19,Partners,West,Product_A,95718,7666,4612,16902
624,2024-07-13,Google Ads,West,Product_D,43396,3173,3265,10955
625,2023-07-26,TV,North,Product_C,43477,4645,8600,33958
626,2023-05-07,Social Media,North,Product_D,84109,5114,7123,20584
627,2024-06-07,Billboard,South,Product_D,73134,4628,5655,22219
628,2024-11-06,Google Ads,South,Product_B,24444,2876,2079,5371
629,2024-04-01,Email,South,Product_A,18245,2635,400,965
630,2024-05-24,TV,Central,Product_A,80689,10778,8413,24640
631,2024-02-24,TV,North,Product_A,33075,4415,3730,13657
632,2023-08-01,Social Media,South,Product_B,8217,833,429,1715
633,2024-09-09,Email,East,Product_A,7426,187,139,230
634,2024-11-07,Partners,Central,Product_B,60682,6972,5955,10991
635,2023-11-27,Email,West,Product_A,57010,7300,1379,2854
636,2023-10-09,Email,Central,Product_D,69766,2747,756,1297
637,2024-10-06,Billboard,North,Product_D,95905,10205,14497,50149
638,2024-09-15,Email,East,Product_C,18001,1728,773,2565
639,2023-07-04,Billboard,South,Product_C,26369,269,88,207
640,2023-08-01,Billboard,West,Product_D,6962,394,383,837
641,2023-07-26,Partners,East,Product_C,9891,525,556,903
642,2024-12-03,Email,East,Product_D,95948,8601,6244,18250
643,2023-12-13,Partners,West,Product_D,5660,568,581,2201
644,2024-07-03,Email,West,Product_D,98332,1754,811,2614
645,2024-07-22,Billboard,North,Product_B,76680,8125,10232,34720
646,2023-06-02,Email,North,Product_C,50183,4903,3213,8782
647,2024-09-01,Social Media,East,Product_C,94040,1356,1620,3743
648,2024-04-07,Email,South,Product_C,23939,615,381,1637
649,2024-03-30,Billboard,North,Product_D,66543,2100,1487,4931
650,2023-11-14,Email,South,Product_A,68652,7190,1651,5333
651,2024-12-31,Billboard,North,Product_A,41760,5868,6598,14819
652,2024-04-23,Social Media,North,Product_C,3946,358,362,1205
653,2023-07-17,Email,East,Product_C,58817,6114,1917,2790
654,2024-09-29,Billboard,Central,Product_A,28076,2413,2314,6379
655,2023-10-18,Billboard,South,Product_B,10337,553,757,1576
656,2023-01-30,TV,North,Product_A,51279,899,973,2004
657,2024-08-29,Partners,West,Product_C,41952,2371,1487,5987
658,2023-03-22,TV,Central,Product_B,13178,1631,3052,7933
659,2024-12-01,Partners,West,Product_D,31368,4474,2466,7882
660,2024-01-08,TV,South,Product_C,43567,3200,1434,3511
661,2024-04-17,Google Ads,East,Product_C,80225,7256,13199,37451
662,2023-04-20,Email,Central,Product_A,40599,3434,1340,3641
663,2024-07-15,Google Ads,West,Product_D,9658,557,1422,4956
664,2024-03-21,Billboard,East,Product_B,23686,2434,957,3825
665,2024-05-13,Social Media,Central,Product_D,43647,3828,7386,18252
666,2023-03-13,Billboard,North,Product_D,43914,3478,3798,7803
667,2024-08-17,Partners,North,Product_B,87623,2706,2959,7665
668,2023-07-20,Google Ads,East,Product_C,75747,9181,20482,98127
669,2023-12-19,Social Media,Central,Product_A,81149,12018,14151,22560
670,2024-01-14,Billboard,North,Product_A,93190,8238,12146,18733
671,2023-02-01,Google Ads,West,Product_D,82948,4523,6869,17312
672,2024-11-09,Google Ads,West,Product_B,25671,2252,5909,13481
673,2023-10-23,Partners,South,Product_B,2520,50,18,58
674,2024-03-23,Google Ads,North,Product_B,85180,10462,27874,116282
675,2024-03-11,Billboard,South,Product_D,67770,4701,6036,12414
676,2024-03-10,Billboard,North,Product_D,96802,4176,3767,9783
677,2024-01-11,Social Media,North,Product_D,93390,5752,8596,25105
678,2024-06-23,Email,West,Product_A,69597,9366,1901,5835
679,2024-11-15,Social Media,Central,Product_C,81352,1414,1510,5106
680,2024-06-08,TV,Central,Product_C,56183,3337,6555,11735
681,2024-12-12,Billboard,East,Product_C,9050,887,881,2825
682,2023-10-26,Partners,Central,Product_A,38593,3005,1585,3138
683,2023-09-16,Google Ads,Central,Product_C,37073,4823,3058,4377
684,2024-08-28,Partners,South,Product_D,49466,6089,4358,14043
685,2024-06-24,Social Media,East,Product_A,20014,1868,3603,14913
686,2024-02-27,TV,South,Product_D,96158,9544,7037,21292
687,2024-10-19,Email,North,Product_A,22967,1721,749,2557
688,2024-06-29,Google Ads,West,Product_D,63205,2955,5534,12501
689,2024-04-04,TV,East,Product_A,13761,1905,2704,10089
690,2024-10-29,Email,East,Product_C,36007,4404,1335,3859
691,2024-11-22,Partners,South,Product_B,69151,3957,5208,10444
692,2024-11-19,Social Media,North,Product_A,54903,1299,827,1798
693,2023-10-18,Email,South,Product_A,4106,397,73,269
694,2023-08-11,Billboard,North,Product_A,12322,1600,729,2839
695,2024-08-02,Google Ads,North,Product_B,34205,1752,3828,6285
696,2023-10-11,TV,East,Product_C,22229,2651,2236,3455
697,2023-03-03,Email,East,Product_B,58747,1158,854,1599
698,2024-10-22,TV,North,Product_B,71861,8452,6334,24562
699,2023-09-23,Social Media,North,Product_A,10229,920,828,2680
700,2023-06-02,Partners,North,Product_A,88111,5697,3203,6960
701,2023-01-04,Billboard,West,Product_D,58154,3870,4540,11894
702,2023-08-20,Social Media,West,Product_D,16886,1509,3218,8556
703,2024-02-15,Social Media,North,Product_C,71074,9201,9772,40710
704,2023-10-24,Partners,South,Product_B,73676,1142,1013,2238
705,2023-04-20,Partners,East,Product_D,12123,1623,1563,2225
706,2023-01-26,Partners,Central,Product_B,65124,4195,6124,19032
707,2024-04-05,Social Media,North,Product_C,8347,478,835,1735
708,2024-10-31,Partners,Central,Product_D,89877,11848,13046,36731
709,2023-03-15,Social Media,South,Product_D,86699,1098,2287,5890
710,2024-10-26,Google Ads,North,Product_B,83924,1426,1907,6469
711,2023-06-24,Billboard,North,Product_A,15965,1270,1598,3877
712,2024-03-12,Email,West,Product_C,16833,2468,1223,2709
713,2023-08-07,Social Media,Central,Product_B,44975,847,798,2168
714,2024-01-14,Billboard,South,Product_D,32934,4597,1603,3389
715,2024-09-19,TV,South,Product_A,64827,1380,567,2431
716,2024-08-30,Email,West,Product_D,91748,2547,600,1267
717,2023-09-02,Google Ads,Central,Product_A,79154,2786,5014,20916
718,2023-11-05,Email,West,Product_A,74100,3185,702,1502
719,2024-01-06,Billboard,Central,Product_B,61845,7288,7952,14221
720,2023-06-02,Partners,West,Product_D,24111,780,1280,1922
721,2023-08-03,TV,East,Product_C,81847,10044,16205,29821
722,2024-07-04,Google Ads,South,Product_A,64577,5300,4081,8239
723,2024-08-16,Email,West,Product_B,98922,10363,3579,11051
724,2023-04-11,Google Ads,West,Product_B,50221,6769,5255,11406
725,2024-03-22,Google Ads,South,Product_D,24338,1563,1449,5159
726,2023-10-04,Google Ads,East,Product_B,5206,556,413,920
727,2024-04-14,TV,South,Product_C,29816,3998,5460,20537
728,2024-09-18,Google Ads,Central,Product_B,12334,834,1544,4683
729,2024-04-29,TV,East,Product_A,96684,6761,12143,24722
730,2023-08-16,Billboard,South,Product_A,55758,8209,2857,8879
731,2023-02-04,TV,Central,Product_D,63818,7872,11923,20746
732,2023-03-27,Billboard,North,Product_D,29574,845,553,1301
733,2024-05-06,Partners,East,Product_B,93183,6923,7951,30253
734,2024-04-19,Google Ads,West,Product_B,49551,4843,11087,17941
735,2024-01-30,Partners,East,Product_A,39874,2776,2020,8006
736,2023-08-01,Partners,North,Product_C,97437,13691,14658,50818
737,2023-02-22,Social Media,West,Product_C,61994,5993,6640,13323
738,2023-03-10,Billboard,South,Product_B,44899,1949,850,2895
739,2024-08-17,Partners,South,Product_B,43003,2553,1849,5126
740,2023-03-06,Email,East,Product_D,64730,5191,3362,9166
741,2024-06-29,Email,West,Product_C,89251,12704,8070,22985
742,2024-04-13,Social Media,North,Product_D,24437,1230,2671,4099
743,2024-12-14,Google Ads,West,Product_B,27772,2302,4846,13869
744,2024-07-08,Google Ads,West,Product_C,56067,4044,8683,14277
745,2023-08-26,Billboard,East,Product_D,76851,4456,4791,11716
746,2024-12-14,Billboard,Central,Product_D,61031,3208,1470,4100
747,2023-09-24,Google Ads,West,Product_C,38767,4565,3257,7555
748,2023-06-20,Billboard,South,Product_C,24891,3640,4758,16913
749,2023-06-07,Google Ads,South,Product_A,6393,953,1885,4521
750,2023-07-30,Billboard,North,Product_C,46068,1414,1185,4761
751,2023-05-05,Social Media,West,Product_D,20055,2861,6065,14697
752,2024-07-13,Billboard,East,Product_C,63116,8548,12510,54906
753,2024-11-13,Google Ads,Central,Product_D,45392,4833,11386,33463
754,2024-07-18,Social Media,East,Product_A,53642,5173,4379,9389
755,2024-09-14,Partners,South,Product_B,37428,1399,653,2617
756,2023-03-31,Billboard,West,Product_B,65286,3557,3649,17530
757,2024-01-05,TV,South,Product_D,49448,3167,1328,2775
758,2024-04-01,Billboard,North,Product_B,96401,12945,15402,37756
759,2023-06-17,Partners,West,Product_D,19293,2449,2907,4766
760,2024-06-21,Email,North,Product_D,12593,137,73,128
761,2024-04-18,Partners,Central,Product_B,27117,977,864,1807
762,2023-11-06,Billboard,East,Product_D,74306,8439,4805,13242
763,2023-11-04,Partners,West,Product_A,86696,8949,6736,16328
764,2024-10-22,Google Ads,North,Product_A,37335,2950,8642,23753
765,2024-05-07,Billboard,West,Product_C,83312,8833,12976,42508
766,2024-08-12,Social Media,East,Product_B,77238,1405,1440,4158
767,2023-06-17,Social Media,East,Product_C,55986,5546,12030,17071
768,2024-10-16,Social Media,Central,Product_B,83317,2970,1841,6388
769,2023-11-20,Partners,East,Product_C,90842,9785,8390,21676
770,2023-05-28,Social Media,South,Product_C,49891,5938,7075,21462
771,2023-08-12,Google Ads,Central,Product_B,25696,3117,6049,24797
772,2024-06-28,Partners,Central,Product_A,55702,4148,1895,8429
773,2024-05-06,Email,East,Product_C,19220,2390,1634,5666
774,2023-12-17,Google Ads,East,Product_A,98577,12227,13861,39649
775,2023-08-21,Email,South,Product_B,18067,2662,1077,2814
776,2023-01-20,TV,West,Product_A,26736,670,1118,2289
777,2023-05-02,Email,North,Product_A,40537,4194,2527,10934
778,2023-07-30,Billboard,South,Product_B,88896,5263,2152,9840
779,2024-08-16,Email,East,Product_B,66619,7948,4115,8422
780,2024-08-15,Social Media,Central,Product_B,94822,3491,3342,12825
781,2023-04-12,Google Ads,Central,Product_D,49033,5282,5516,13424
782,2023-12-30,TV,West,Product_B,68403,2863,1662,5097
783,2023-04-23,Billboard,South,Product_D,48349,5253,5087,7306
784,2023-04-29,TV,East,Product_D,79694,9010,13508,40661
785,2024-02-22,Email,West,Product_B,10123,1369,864,3060
786,2023-01-14,Partners,West,Product_A,52952,3776,4802,6463
787,2024-02-15,Partners,Central,Product_A,98180,13700,23550,50293
788,2023-12-13,Google Ads,Central,Product_D,17090,728,1178,3751
789,2024-08-18,Billboard,East,Product_D,47674,3652,3738,9299
790,2023-10-13,Google Ads,West,Product_A,17015,767,1375,3296
791,2023-04-12,Partners,North,Product_A,66291,6956,11901,32379
792,2023-06-06,Email,Central,Product_A,11029,1131,522,1396
793,2023-10-28,Partners,West,Product_D,67164,3132,2602,9760
794,2023-02-02,TV,North,Product_D,59997,3242,3248,6192
795,2024-07-24,Partners,East,Product_B,65419,4598,3620,10369
796,2024-08-05,Partners,West,Product_D,63378,5622,3197,4496
797,2024-08-28,TV,Central,Product_C,38281,2100,934,1810
798,2023-12-24,Partners,Central,Product_A,82940,4791,2329,5032
799,2023-12-26,Social Media,South,Product_B,31752,3198,4849,13536
800,2023-11-09,Social Media,East,Product_B,3583,305,157,470
801,2024-06-11,TV,East,Product_A,92220,6986,3042,7264
802,2023-11-27,Billboard,North,Product_D,14114,1506,823,2678
803,2024-11-14,Email,South,Product_C,48622,7085,1920,7617
804,2023-03-19,Billboard,South,Product_C,35754,595,889,1860
805,2023-04-05,Partners,Central,Product_A,78576,4491,1994,6881
806,2023-08-03,Email,North,Product_C,67144,8230,3372,7880
807,2024-02-16,Email,Central,Product_D,89022,10405,2688,4664
808,2023-07-11,Billboard,West,Product_B,87613,12677,15093,50834
809,2024-06-29,Billboard,West,Product_A,69454,2645,2261,5452
810,2023-11-04,TV,West,Product_C,9444,932,1634,3088
811,2023-06-14,Email,Central,Product_B,54197,2351,564,1042
812,2023-11-14,TV,West,Product_D,56314,5663,2600,3859
813,2023-09-22,Email,Central,Product_B,85448,11052,8048,15553
814,2023-03-27,Email,Central,Product_C,9333,1270,500,1318
815,2023-04-03,TV,South,Product_B,15671,1409,1691,3346
816,2024-08-17,Billboard,East,Product_D,12829,555,247,779
817,2024-08-21,Partners,West,Product_B,56426,2286,1141,2008
818,2024-02-23,Email,Central,Product_A,65272,5527,3149,5766
819,2024-05-01,Partners,South,Product_C,19993,1215,1642,4158
820,2024-09-12,Social Media,North,Product_B,34158,2984,3003,10737
821,2024-12-02,Social Media,Central,Product_B,58986,3797,7926,25318
822,2023-09-19,Email,North,Product_B,39983,1577,1078,4407
823,2024-10-21,TV,North,Product_C,11498,1440,2742,6958
824,2023-12-07,Partners,West,Product_A,22016,2373,2512,6343
825,2024-07-14,Partners,East,Product_D,92122,1273,538,1800
826,2024-10-18,Google Ads,North,Product_D,27224,2666,3606,4887
827,2024-06-12,Partners,South,Product_D,42864,3138,4935,7276
828,2024-08-30,Email,East,Product_B,12062,820,212,991
829,2024-08-07,Google Ads,North,Product_A,74207,7464,15703,75983
830,2023-07-23,Email,South,Product_A,53564,5170,2637,6296
831,2023-06-24,Billboard,North,Product_A,95186,7959,9773,44671
832,2024-05-21,Social Media,South,Product_B,25975,3700,7082,17603
833,2024-01-27,Google Ads,West,Product_B,79654,3200,8249,22260
834,2023-07-04,TV,South,Product_A,39036,5724,4446,9917
835,2024-08-19,Partners,West,Product_A,2352,177,277,1023
836,2023-08-06,Partners,West,Product_D,97482,9125,4127,8729
837,2023-08-29,TV,East,Product_A,1702,77,107,226
838,2024-01-15,Google Ads,Central,Product_A,77085,2706,2726,6729
839,2024-04-24,Google Ads,North,Product_C,94094,7928,7454,9704
840,2023-05-11,TV,East,Product_C,57372,2846,5131,18000
841,2023-09-28,Billboard,East,Product_D,22624,1225,1829,4930
842,2024-11-04,Partners,West,Product_A,25762,793,532,724
843,2024-12-23,TV,West,Product_A,65868,1034,1003,3253
844,2024-05-19,Social Media,South,Product_A,46823,1081,2175,3399
845,2024-06-04,Email,Central,Product_B,77486,11601,1768,4883
846,2023-03-20,Google Ads,West,Product_A,44077,600,1341,4020
847,2024-08-27,Social Media,East,Product_B,4784,102,198,606
848,2023-10-03,Billboard,North,Product_C,6747,687,990,2607
849,2024-08-05,Google Ads,South,Product_A,85363,4235,10653,36801
850,2024-09-08,TV,North,Product_D,34444,1202,2336,6449
851,2023-08-02,Google Ads,West,Product_D,38347,3857,11149,18478
852,2024-03-18,Partners,East,Product_B,48060,4958,7510,20759
853,2024-02-02,TV,East,Product_D,12825,1486,2522,7350
854,2024-03-12,Social Media,North,Product_C,61755,6465,10445,43166
855,2024-06-23,Partners,Central,Product_A,39103,2954,1361,4197
856,2023-05-11,Partners,East,Product_B,69562,4861,5570,20040
857,2024-06-09,Social Media,Central,Product_D,55135,1280,2098,5221
858,2023-09-18,Billboard,North,Product_A,15933,1811,1549,6472
859,2023-02-16,Social Media,West,Product_C,42149,3886,4931,16822
860,2023-09-29,Email,South,Product_B,25259,529,391,927
861,2024-03-20,Billboard,North,Product_A,52764,1389,702,2107
862,2024-11-04,Partners,Central,Product_D,40688,3930,6734,17860
863,2024-12-07,Partners,West,Product_C,12486,343,126,159
864,2023-07-12,Social Media,South,Product_D,86016,2608,2308,10109
865,2024-07-05,Google Ads,North,Product_C,61742,1898,3060,6804
866,2024-12-20,TV,West,Product_D,3572,465,621,1295
867,2024-02-06,Social Media,East,Product_A,14456,1420,2461,11750
868,2024-08-15,Billboard,Central,Product_C,5851,457,403,1280
869,2024-11-25,TV,South,Product_A,70246,889,1175,2915
870,2024-10-25,TV,West,Product_A,65852,6399,9175,23125
871,2023-06-15,Email,South,Product_D,46068,3286,1493,4924
872,2024-09-08,Partners,West,Product_B,39455,4388,3933,12645
873,2024-10-30,Partners,East,Product_D,22237,2158,1608,5967
874,2023-05-13,Google Ads,South,Product_B,80396,6343,15885,61047
875,2023-08-29,Google Ads,Central,Product_A,3376,203,248,637
876,2024-05-30,Social Media,North,Product_C,57442,1490,1278,3682
877,2023-12-15,Email,North,Product_C,20815,2695,1817,4171
878,2023-02-21,TV,West,Product_A,14879,1777,2444,6782
879,2024-07-29,Social Media,Central,Product_A,22895,2248,4535,13605
880,2023-10-27,Partners,West,Product_D,97017,12793,7241,20786
881,2023-05-06,Google Ads,West,Product_D,1863,82,208,490
882,2023-03-29,Email,East,Product_D,48270,4736,1407,4844
883,2023-08-22,Google Ads,West,Product_D,54648,7417,21393,66220
884,2023-01-31,TV,South,Product_A,95060,11680,22306,33943
885,2023-06-18,TV,North,Product_D,5861,600,855,2359
886,2024-10-08,Partners,Central,Product_C,55959,3708,4832,12299
887,2023-11-18,Email,North,Product_C,70178,6698,1594,4346
888,2024-07-11,Billboard,Central,Product_D,92418,5391,6869,24987
889,2023-11-05,Social Media,North,Product_C,52117,5811,10355,24341
890,2023-10-18,Google Ads,North,Product_C,69332,4000,8502,16354
891,2024-07-06,Billboard,East,Product_B,40838,4562,6771,8850
892,2024-01-17,Email,Central,Product_C,17228,287,155,246
893,2023-01-06,TV,East,Product_B,98748,14660,19130,76944
894,2024-06-30,Billboard,South,Product_C,40216,2004,2488,9024
895,2024-01-22,Billboard,South,Product_A,43971,3618,1921,6438
896,2023-05-31,Partners,West,Product_D,11740,269,254,384
897,2023-03-21,Email,Central,Product_D,78101,6892,4254,16446
898,2024-10-13,TV,West,Product_D,96907,14173,24350,35174
899,2024-12-29,TV,South,Product_A,92025,3659,4234,18050
900,2024-01-14,Social Media,Central,Product_D,15461,416,615,779
901,2024-01-16,Email,East,Product_C,39532,3084,1926,3765
902,2023-02-19,Email,East,Product_B,24996,3116,1381,2267
903,2023-02-15,TV,West,Product_C,75155,5511,5183,15204
904,2024-09-12,Google Ads,South,Product_D,59973,6201,5937,14852
905,2024-10-01,Partners,Central,Product_D,51755,2204,1991,7240
906,2024-03-29,Partners,East,Product_A,22707,2475,2848,11177
907,2024-07-28,Partners,North,Product_A,26221,3768,4177,18066
908,2024-06-18,Google Ads,West,Product_A,16765,1712,3212,10851
909,2023-07-30,Google Ads,Central,Product_D,12094,1487,3057,5566
910,2023-01-24,Email,West,Product_B,55386,740,345,639
911,2023-04-12,Billboard,South,Product_C,19878,707,863,2068
912,2024-11-25,Google Ads,North,Product_C,24784,342,253,558
913,2024-02-27,Email,East,Product_D,16855,290,85,214
914,2024-06-04,Billboard,West,Product_A,36296,671,575,1433
915,2024-02-22,Partners,South,Product_A,36279,3176,3717,7547
916,2024-10-29,Google Ads,East,Product_D,59455,1292,2746,7064
917,2024-01-18,Billboard,South,Product_B,71455,10244,14890,31178
918,2024-04-20,Billboard,East,Product_B,1071,19,26,48
919,2024-11-27,TV,East,Product_B,77697,9921,8433,16380
920,2023-03-13,Email,North,Product_D,92544,2518,588,1475
921,2024-03-18,Google Ads,Central,Product_C,90404,12869,27339,121422
922,2023-10-07,Google Ads,East,Product_C,28606,2127,4336,7444
923,2024-10-23,Social Media,Central,Product_D,1560,212,352,1103
924,2024-12-21,TV,West,Product_A,86078,8709,10989,48780
925,2024-03-31,Partners,North,Product_C,50332,6334,5391,12158
926,2024-12-14,Social Media,North,Product_D,49559,6991,8740,12778
927,2023-10-15,Partners,East,Product_B,12792,1589,1947,5708
928,2024-05-20,Email,North,Product_C,65597,8962,5145,8509
929,2024-10-15,TV,North,Product_C,75593,6050,4070,9233
930,2024-11-19,Partners,Central,Product_B,9566,883,1231,2821
931,2023-08-22,Billboard,East,Product_B,89864,1189,1740,5939
932,2024-11-28,Billboard,West,Product_A,56982,5683,8136,16749
933,2024-03-18,TV,East,Product_A,90151,7442,8877,18002
934,2023-08-18,Social Media,East,Product_D,70784,5155,2367,3522
935,2024-08-08,Social Media,South,Product_D,10757,1488,1196,2049
936,2024-10-02,Social Media,North,Product_D,57616,7094,10758,29702
937,2023-09-14,Google Ads,North,Product_D,32242,4650,12080,43440
938,2023-08-31,Social Media,Central,Product_D,13539,1320,1969,2485
939,2023-02-04,TV,East,Product_A,17716,330,555,968
940,2024-03-18,Social Media,North,Product_A,74303,1286,2546,6824
941,2024-02-25,Google Ads,Central,Product_A,60429,3852,9662,38305
942,2023-12-14,Partners,North,Product_D,68792,3848,2383,4425
943,2023-03-11,Billboard,South,Product_B,84540,6868,4989,14465
944,2023-07-10,Google Ads,South,Product_A,8928,248,496,1505
945,2024-01-02,Email,Central,Product_B,20321,1538,787,2247
946,2024-06-14,Billboard,South,Product_A,32114,2601,3387,11773
947,2023-07-20,Google Ads,South,Product_A,45767,1670,2908,9207
948,2024-12-10,Email,Central,Product_C,81753,4246,1474,3183
949,2023-02-13,TV,South,Product_A,84724,3492,2683,6923
950,2023-12-06,Partners,West,Product_B,53469,1913,3320,5947
951,2023-01-31,Billboard,North,Product_B,39086,2800,2961,10256
952,2023-01-31,Google Ads,South,Product_C,23825,968,1189,2781
953,2023-09-09,Google Ads,South,Product_A,24078,3082,8585,14747
954,2024-01-24,Partners,North,Product_C,28556,1505,1032,3987
955,2024-06-23,Billboard,West,Product_A,16531,499,703,1998
956,2024-01-23,Partners,East,Product_C,79584,5581,6923,30480
957,2024-08-24,Google Ads,Central,Product_C,20472,1143,831,3548
958,2024-06-04,Billboard,West,Product_B,96328,2061,1782,4159
959,2024-06-04,TV,Central,Product_C,66350,5483,3763,12535
960,2024-05-09,Partners,West,Product_D,36171,3304,4108,15564
961,2023-08-01,Google Ads,South,Product_D,31721,2075,2768,10743
962,2024-01-19,Email,Central,Product_A,18606,2143,700,1640
963,2023-02-12,TV,Central,Product_C,56850,4159,4541,10967
964,2023-10-07,TV,North,Product_B,58892,2516,3604,6476
965,2024-05-28,Billboard,Central,Product_A,37231,5202,2174,2637
966,2023-07-25,Email,South,Product_C,33771,1768,1130,3135
967,2024-12-23,Billboard,South,Product_C,2118,249,158,485
968,2024-02-20,Billboard,North,Product_D,86733,7092,8605,15127
969,2023-08-21,Partners,South,Product_D,31634,2600,3770,14503
970,2024-04-17,Email,North,Product_C,25621,1794,1282,3141
971,2024-07-25,Social Media,East,Product_B,76695,10148,10148,33936
972,2024-11-05,Email,East,Product_B,55938,3893,2341,8887
973,2023-11-03,Email,Central,Product_A,75393,9043,6359,15235
974,2023-12-05,Billboard,Central,Product_D,50980,1967,1512,3486
975,2023-04-22,Email,Central,Product_D,84755,11464,2360,4287
976,2023-02-02,Partners,Central,Product_D,4517,163,72,244
977,2023-08-27,Email,Central,Product_A,60593,1093,504,1182
978,2024-02-25,TV,South,Product_A,17926,1525,1776,3780
979,2023-07-31,Google Ads,South,Product_C,57649,7177,15757,31236
980,2023-11-14,Billboard,South,Product_D,37102,1418,2111,6593
981,2024-09-11,Google Ads,Central,Product_C,75609,10063,17152,57612
982,2023-10-22,Partners,West,Product_C,92791,11874,17327,51262
983,2023-06-29,TV,South,Product_B,81967,9233,10456,31992
984,2024-08-05,Social Media,West,Product_A,32417,4343,3188,12083
985,2024-11-13,Social Media,South,Product_D,54907,8177,11816,35151
986,2023-04-18,Billboard,East,Product_D,60105,1988,1091,1258
987,2024-10-16,Partners,West,Product_D,46043,5268,8155,14354
988,2023-04-28,Partners,South,Product_C,88856,10201,10493,18038
989,2023-09-06,Partners,West,Product_B,62707,7829,11964,16383
990,2023-04-13,Google Ads,East,Product_A,71078,8088,8122,18244
991,2023-10-07,Google Ads,West,Product_C,24322,981,669,1769
992,2024-12-14,Social Media,Central,Product_A,52199,5566,6952,15185
993,2024-01-22,Google Ads,South,Product_C,32265,1226,782,870
994,2023-07-16,Partners,North,Product_B,13661,1660,2510,3855
995,2024-03-01,Billboard,North,Product_C,43294,3839,2024,4186
996,2024-03-14,Social Media,South,Product_B,14878,891,679,1513
997,2024-02-03,Google Ads,West,Product_B,9652,985,1249,2775
998,2023-08-12,TV,East,Product_D,14344,1574,2622,10392
999,2023-09-15,Social Media,Central,Product_C,83689,8995,15023,65918
1000,2023-12-07,Google Ads,East,Product_D,9849,560,1153,3174
1001,2024-10-17,Partners,South,Product_A,31488,408,576,877
1002,2024-03-14,Google Ads,Central,Product_A,8854,259,465,862
1003,2024-10-19,Social Media,South,Product_D,97895,13003,8993,24180
1004,2023-02-10,Billboard,West,Product_C,99376,1323,1741,3426
1005,2024-07-06,Social Media,South,Product_B,80700,10666,14811,31271
1006,2023-03-08,TV,North,Product_B,7829,773,484,734
1007,2024-08-29,Billboard,South,Product_B,67509,1413,1653,4267
1008,2023-09-08,TV,South,Product_B,40728,2034,2272,6057
1009,2024-05-07,Social Media,East,Product_D,50508,1691,2104,6633
1010,2023-06-09,TV,North,Product_D,57019,7387,11923,47943
1011,2023-06-06,Billboard,South,Product_C,50866,3810,3216,8338
1012,2023-03-15,Email,South,Product_D,26652,843,222,340
1013,2024-01-19,TV,West,Product_D,52727,7691,7668,22654
1014,2024-08-25,Social Media,West,Product_A,17315,1106,1623,3099
1015,2023-09-19,Partners,East,Product_D,84228,8960,11872,46628
1016,2023-09-10,Google Ads,West,Product_A,48371,4756,10574,37289
1017,2023-09-25,Billboard,West,Product_B,34330,1532,1522,3828
1018,2023-04-30,Social Media,West,Product_D,93545,8611,17840,40572
1019,2024-03-09,Google Ads,West,Product_C,91680,4795,14013,40987
1020,2023-11-12,Partners,West,Product_A,15322,1517,2180,4043
1021,2023-08-03,Partners,West,Product_C,1841,272,406,453
1022,2024-12-14,TV,Central,Product_D,86789,4371,4762,7503
1023,2023-05-18,Google Ads,West,Product_B,66878,9549,16057,46067
1024,2023-03-02,Partners,South,Product_B,34993,5165,8110,26329
1025,2023-04-22,Partners,South,Product_A,39420,867,454,541
1026,2023-08-29,TV,West,Product_A,2246,41,65,103
1027,2023-02-12,Social Media,South,Product_A,50239,4743,10559,45254
1028,2024-04-29,Email,Central,Product_D,45112,2792,1909,9084
1029,2024-01-05,Partners,West,Product_D,81059,1460,1238,2188
1030,2024-04-12,Partners,West,Product_B,4365,411,643,1582
1031,2023-09-12,Email,West,Product_D,68490,4646,1220,6165
1032,2023-11-26,Social Media,East,Product_A,97444,5415,6767,19192
1033,2024-09-19,Social Media,East,Product_D,63406,9394,18720,80345
1034,2023-10-28,Billboard,South,Product_B,69164,9176,11395,26970
1035,2024-05-24,Social Media,East,Product_D,23027,3120,6767,18754
1036,2023-09-07,Google Ads,South,Product_A,14824,1050,2433,5814
1037,2024-01-28,Email,South,Product_C,88285,6769,4660,6583
1038,2024-07-01,Partners,West,Product_A,91673,5187,3440,12685
1039,2023-03-08,Partners,East,Product_D,95036,10835,14790,54294
1040,2024-03-23,Google Ads,South,Product_C,16163,820,711,1763
1041,2023-07-12,Partners,North,Product_C,17700,2291,3861,7963
1042,2023-03-05,Billboard,Central,Product_B,51875,7634,5218,13943
1043,2023-05-10,Billboard,Central,Product_B,14970,978,925,1929
1044,2023-10-31,Google Ads,West,Product_D,20323,1914,1818,6790
1045,2024-12-20,Social Media,Central,Product_C,41487,3332,5629,14855
1046,2024-08-10,TV,South,Product_D,39206,4256,4267,15178
1047,2023-08-04,Partners,South,Product_A,24464,3179,4349,11623
1048,2023-06-13,Social Media,Central,Product_D,45225,3126,4070,9020
1049,2023-03-15,Billboard,East,Product_C,92275,12847,14662,31913
1050,2023-11-28,Billboard,North,Product_C,60969,6197,6151,15852
1051,2023-05-29,Google Ads,South,Product_B,97379,9852,14475,40109
1052,2023-06-01,TV,West,Product_B,8383,196,383,546
1053,2024-06-11,Partners,East,Product_D,20473,2001,1832,2452
1054,2024-05-15,Email,Central,Product_B,86563,9896,6091,26711
1055,2023-04-02,TV,West,Product_C,83881,8509,8404,11339
1056,2024-05-15,Partners,Central,Product_B,4018,370,640,1927
1057,2023-04-07,Billboard,South,Product_D,64463,9669,11054,19243
1058,2023-11-30,Social Media,Central,Product_B,54127,6701,3253,9607
1059,2024-06-26,TV,North,Product_A,99763,11514,22395,67781
1060,2024-09-05,Partners,South,Product_A,73708,5352,4228,7060
1061,2024-10-30,Google Ads,North,Product_C,99706,1485,4383,11128
1062,2024-07-11,Google Ads,West,Product_A,33550,1747,5015,16416
1063,2024-11-05,Billboard,West,Product_B,76637,6028,4072,19964
1064,2024-09-12,Billboard,Central,Product_B,91168,2175,2792,4749
1065,2023-11-03,Google Ads,South,Product_B,78566,4735,4301,9786
1066,2023-09-19,Email,West,Product_B,53436,3946,2828,11408
1067,2023-05-27,Billboard,South,Product_A,83518,9401,14049,37147
1068,2024-01-17,Billboard,Central,Product_B,56009,7002,4758,15308
1069,2024-09-10,Google Ads,North,Product_C,17334,1463,3279,7408
1070,2023-04-02,Email,East,Product_C,20179,2656,758,1070
1071,2023-08-16,TV,North,Product_A,24033,2011,3621,12742
1072,2023-04-08,Billboard,East,Product_C,73291,3514,1471,2122
1073,2024-02-03,Google Ads,East,Product_D,63503,5900,7208,26151
1074,2024-11-04,Google Ads,South,Product_D,75391,8516,6190,26350
1075,2024-12-25,Google Ads,Central,Product_D,93639,6937,11470,26841
1076,2023-10-21,Email,West,Product_B,41001,4058,820,2158
1077,2023-04-03,Partners,North,Product_A,96676,4215,2027,4471
1078,2023-10-20,Billboard,West,Product_A,56572,5927,8409,15461
1079,2024-12-02,Partners,Central,Product_A,54145,646,398,1003
1080,2024-03-11,Partners,Central,Product_C,33011,4924,6281,31025
1081,2024-06-24,Partners,Central,Product_A,80609,5869,3438,15232
1082,2023-08-19,Google Ads,North,Product_C,18474,1513,4366,10353
1083,2024-01-18,Social Media,East,Product_B,71663,9252,18448,40634
1084,2023-09-29,Google Ads,North,Product_D,29503,4107,11622,45722
1085,2023-02-06,TV,Central,Product_D,8536,510,706,1495
1086,2023-01-06,Email,South,Product_D,47469,533,217,440
1087,2023-06-07,TV,North,Product_D,1905,60,87,168
1088,2023-11-03,Email,West,Product_B,71310,8815,1897,5928
1089,2023-06-15,Google Ads,East,Product_D,1761,106,285,462
1090,2023-02-11,Google Ads,West,Product_D,98507,5552,3752,15072
1091,2024-11-12,Email,North,Product_D,65103,5665,3568,10491
1092,2024-02-14,Billboard,West,Product_B,15382,2216,2772,4561
1093,2023-01-14,Partners,South,Product_A,89907,11344,10794,22767
1094,2024-05-06,Email,East,Product_D,11828,1378,411,778
1095,2023-09-13,Email,North,Product_C,92875,4144,2661,5969
1096,2023-04-16,Partners,Central,Product_B,25729,3832,4512,11663
1097,2023-05-16,TV,North,Product_C,26189,3668,3969,9107
1098,2023-02-22,TV,West,Product_C,92771,9153,7050,16294
1099,2024-06-06,TV,North,Product_C,15425,735,623,1408
1100,2023-11-24,Social Media,South,Product_A,1070,18,32,63
1101,2024-09-13,Social Media,West,Product_B,34064,4863,5370,9204
1102,2023-01-14,Partners,Central,Product_B,44412,2686,3986,14096
1103,2024-09-11,Email,South,Product_C,28529,2619,529,1006
1104,2024-09-08,Social Media,North,Product_B,26287,2856,6043,10480
1105,2023-12-18,Email,West,Product_B,70934,7867,1386,2826
1106,2023-09-16,Billboard,East,Product_C,59783,5869,2587,6632
1107,2024-06-20,Billboard,North,Product_B,79532,3847,5620,15918
1108,2023-03-04,Partners,South,Product_D,65884,6974,10937,34346
1109,2024-06-05,TV,Central,Product_D,53540,5086,3718,5852
1110,2024-08-29,Partners,North,Product_D,67036,7312,7934,14912
1111,2024-12-26,Email,Central,Product_A,23427,968,455,1099
1112,2023-10-12,Google Ads,East,Product_A,85202,12542,37311,58153
1113,2024-10-26,Email,Central,Product_C,43540,942,540,1758
1114,2024-02-23,Billboard,East,Product_C,8505,830,259,704
1115,2023-10-14,Google Ads,East,Product_A,71436,7288,19554,78993
1116,2024-12-05,TV,East,Product_B,58958,2410,2000,6999
1117,2024-02-09,Google Ads,West,Product_B,96657,10794,16026,45512
1118,2023-07-05,TV,South,Product_B,25754,2311,4412,7482
1119,2023-11-14,Google Ads,South,Product_D,91094,8662,6641,9452
1120,2024-10-22,TV,North,Product_B,96258,11075,4638,7548
1121,2023-04-23,Social Media,North,Product_B,33550,3952,3682,15009
1122,2023-01-10,Social Media,Central,Product_C,93727,2052,1437,6034
1123,2023-06-17,Email,East,Product_D,21252,937,446,992
1124,2023-01-22,Social Media,North,Product_C,14443,1178,2303,5327
1125,2023-01-25,Google Ads,West,Product_D,20316,1208,1556,6574
1126,2024-12-04,Partners,North,Product_D,23224,3453,2293,7754
1127,2023-03-20,Billboard,East,Product_A,48250,6719,9432,37477
1128,2023-07-02,TV,Central,Product_C,79592,2816,3042,12630
1129,2024-10-01,Email,East,Product_A,36532,5051,2763,12562
1130,2024-12-29,Social Media,North,Product_B,86964,2654,1900,5857
1131,2024-05-04,Social Media,North,Product_D,96251,4715,2889,9319
1132,2024-01-30,Email,East,Product_D,56552,4376,3210,10434
1133,2023-05-22,Partners,South,Product_D,55874,4855,5361,14961
1134,2023-08-24,TV,North,Product_D,70067,6369,9614,36354
1135,2023-08-29,Email,North,Product_B,3248,197,85,119
1136,2023-12-24,Email,South,Product_C,61344,1851,1225,6006
1137,2023-09-06,Google Ads,South,Product_A,98910,2897,8427,25451
1138,2023-01-27,Partners,West,Product_C,8088,875,1118,2264
1139,2023-06-11,Social Media,South,Product_C,19517,411,241,837
1140,2023-06-03,Google Ads,West,Product_B,99055,8305,23893,72460
1141,2024-03-30,Partners,North,Product_C,15583,495,783,1423
1142,2024-05-30,Google Ads,North,Product_D,56524,5945,16065,55518
1143,2024-08-08,Billboard,East,Product_B,56531,7937,4970,7965
1144,2023-05-09,Partners,South,Product_D,82139,1465,1317,6021
1145,2024-09-11,Social Media,West,Product_D,42050,4262,5025,9026
1146,2024-01-16,Partners,West,Product_B,36378,915,419,1522
1147,2023-01-29,Google Ads,East,Product_B,71984,1792,1986,3779
1148,2023-07-12,Billboard,South,Product_A,32501,1549,2280,6893
1149,2024-05-10,Social Media,North,Product_C,13217,1878,873,1815
1150,2024-02-12,Billboard,South,Product_C,99545,6439,4681,9431
1151,2023-12-06,TV,Central,Product_A,66821,8222,5264,14518
1152,2024-08-23,Social Media,East,Product_B,20862,2201,1302,5074
1153,2023-08-26,Google Ads,South,Product_B,66748,5492,12900,50775
1154,2023-12-16,TV,South,Product_C,39121,2364,4183,13307
1155,2024-11-30,TV,South,Product_B,81004,7692,14867,56236
1156,2023-04-10,Social Media,South,Product_C,72714,9558,18019,67308
1157,2024-04-10,Email,South,Product_C,22164,433,214,378
1158,2024-12-28,TV,East,Product_D,34557,4037,4470,21527
1159,2024-08-05,TV,North,Product_C,38568,2550,4516,13315
1160,2024-01-11,Billboard,Central,Product_C,49979,1083,861,2772
1161,2024-11-29,Social Media,Central,Product_A,98129,11842,20244,46571
1162,2023-04-18,Email,West,Product_B,75728,4990,966,2332
1163,2023-04-06,Email,West,Product_D,85211,7235,4637,6643
1164,2023-04-21,TV,West,Product_B,53628,3004,2726,10790
1165,2024-12-20,Partners,West,Product_A,37487,2760,3072,9363
1166,2023-08-07,Email,Central,Product_A,79784,9445,1770,7315
1167,2024-04-29,Google Ads,North,Product_B,4007,574,1286,3024
1168,2023-03-27,Google Ads,North,Product_C,54093,1159,3125,7818
1169,2023-08-08,Partners,East,Product_B,8044,184,296,802
1170,2023-06-18,Google Ads,East,Product_D,64127,4910,11063,23521
1171,2023-12-30,Partners,Central,Product_D,2301,203,325,735
1172,2024-08-15,Billboard,South,Product_C,88040,13037,18600,71310
1173,2023-11-21,Social Media,South,Product_D,20331,1624,1655,6360
1174,2023-09-27,Billboard,North,Product_D,17478,1726,1841,3915
1175,2023-07-12,TV,Central,Product_B,79766,5013,4797,23886
1176,2024-08-13,Social Media,East,Product_C,3122,163,163,448
1177,2024-05-26,Partners,West,Product_D,54790,3245,4898,16134
1178,2023-12-10,Social Media,South,Product_D,57149,3556,5138,9419
1179,2023-10-19,Partners,West,Product_C,93024,9009,14821,70030
1180,2023-04-17,Social Media,North,Product_D,14588,1159,2089,6060
1181,2024-03-30,Billboard,Central,Product_A,88518,4477,3602,7208
1182,2024-01-26,Social Media,South,Product_D,17310,1022,1920,6357
1183,2024-10-22,Partners,West,Product_A,50105,5987,6349,15082
1184,2023-11-11,TV,South,Product_A,55336,806,356,1490
1185,2024-06-15,Partners,Central,Product_C,44920,1520,1749,4654
1186,2024-02-05,Google Ads,Central,Product_D,7760,948,1883,3711
1187,2023-06-27,TV,East,Product_B,58331,2469,3792,5308
1188,2024-08-13,TV,East,Product_B,43258,1666,915,2556
1189,2024-08-30,Google Ads,North,Product_A,75946,4825,11491,20403
1190,2024-10-08,Email,South,Product_B,86527,11742,3853,9265
1191,2024-01-23,Email,North,Product_C,11874,1673,880,2854
1192,2023-04-16,Social Media,West,Product_A,15034,448,412,600
1193,2024-01-06,Google Ads,West,Product_A,65361,7932,12635,36908
1194,2023-08-04,Partners,West,Product_D,42102,4155,4077,6820
1195,2023-07-02,Partners,Central,Product_A,16362,2399,4177,12092
1196,2024-07-13,Social Media,South,Product_C,16937,626,315,494
1197,2023-06-06,Google Ads,East,Product_A,29437,415,387,737
1198,2023-05-10,Email,East,Product_D,27114,3889,1396,3522
1199,2024-05-22,TV,Central,Product_D,26304,1184,848,3465
1200,2024-02-07,Social Media,Central,Product_C,22712,2752,5962,19938
1201,2024-03-09,Billboard,East,Product_C,82646,2070,1572,2865
1202,2024-10-09,Social Media,West,Product_B,5424,781,707,1896
1203,2024-10-22,Billboard,East,Product_D,4924,128,162,338
1204,2023-09-09,Social Media,South,Product_C,49754,1507,1531,2596
1205,2023-12-03,Google Ads,West,Product_C,31493,2791,4257,12999
1206,2023-04-16,Billboard,East,Product_A,76228,10288,8293,25043
1207,2023-11-24,Google Ads,South,Product_A,65740,5246,15615,30874
1208,2023-06-25,Billboard,East,Product_D,31988,2901,1862,7026
1209,2023-01-05,TV,East,Product_B,53797,816,1022,2599
1210,2023-01-17,Social Media,West,Product_A,55405,6164,5821,18521
1211,2024-07-23,Email,West,Product_A,52554,2721,2014,5970
1212,2023-05-05,Email,Central,Product_A,4838,200,129,308
1213,2024-12-05,Partners,West,Product_B,23307,520,709,2978
1214,2024-07-04,Social Media,North,Product_C,6646,169,364,551
1215,2024-09-19,TV,East,Product_B,19056,1747,1033,1872
1216,2024-08-21,TV,West,Product_A,69388,5819,7707,31247
1217,2023-11-26,Partners,West,Product_B,13032,611,467,825
1218,2023-09-06,Partners,South,Product_A,10849,1584,688,874
1219,2024-01-30,Google Ads,West,Product_A,45623,1788,3606,12352
1220,2023-11-16,Partners,West,Product_B,67127,1664,885,3125
1221,2024-04-08,Billboard,Central,Product_B,53455,1941,1229,2076
1222,2024-08-14,Partners,North,Product_B,61418,8148,11350,29490
1223,2023-07-11,Email,North,Product_D,87754,7399,2672,4943
1224,2023-12-29,TV,South,Product_B,53026,4258,5163,7280
1225,2023-04-11,Social Media,West,Product_D,26419,1351,1587,4821
1226,2024-05-20,Billboard,West,Product_A,90281,1533,917,1253
1227,2023-02-06,Billboard,East,Product_B,9630,813,512,2124
1228,2024-02-19,TV,West,Product_A,29821,3362,6075,10858
1229,2023-07-28,Email,East,Product_C,97191,1014,264,1068
1230,2023-11-09,Partners,South,Product_B,42302,4458,2600,5896
1231,2023-01-14,Partners,West,Product_D,44785,578,990,2941
1232,2023-01-10,Billboard,East,Product_D,77435,785,1058,2062
1233,2023-01-18,Billboard,East,Product_B,69848,5618,6775,17702
1234,2023-12-10,TV,West,Product_C,72527,3338,3933,6714
1235,2023-12-28,Email,East,Product_D,15779,754,348,850
1236,2024-02-25,Google Ads,South,Product_C,66251,949,1884,5849
1237,2023-07-31,Partners,North,Product_B,50516,5022,8545,34940
1238,2024-04-05,Billboard,South,Product_C,90006,5295,3692,13908
1239,2023-10-10,Email,South,Product_A,76958,6372,2268,6599
1240,2024-04-10,Billboard,East,Product_C,15442,2250,2022,6367
1241,2023-06-03,Billboard,East,Product_B,40799,3188,1203,2616
1242,2023-08-11,Email,Central,Product_A,7972,624,95,271
1243,2023-02-21,Email,South,Product_C,38128,4572,2062,8327
1244,2023-03-30,Partners,East,Product_B,97082,3644,4260,6026
1245,2024-04-29,Email,South,Product_D,56386,3714,2571,12015
1246,2024-09-03,Email,South,Product_D,89987,11935,7550,16192
1247,2023-09-14,Google Ads,West,Product_B,40460,2132,2800,10440
1248,2023-07-07,TV,West,Product_A,19167,1604,2423,7429
1249,2024-01-02,TV,East,Product_D,62151,4280,4521,7345
1250,2024-03-07,Social Media,South,Product_C,32804,2993,3356,12701
1251,2023-10-28,Social Media,West,Product_B,53814,5586,7167,24685
1252,2023-02-25,Social Media,North,Product_C,86181,2153,3272,12088
1253,2024-12-08,Email,North,Product_A,98055,9006,4111,15171
1254,2024-06-12,Google Ads,Central,Product_D,18878,779,1730,5530
1255,2023-11-15,Partners,North,Product_D,82744,8794,4490,7154
1256,2023-05-04,Billboard,North,Product_B,27777,680,224,578
1257,2023-05-05,Email,West,Product_D,25123,3136,2054,7024
1258,2024-11-28,TV,Central,Product_A,57669,1757,763,1622
1259,2023-09-04,Google Ads,Central,Product_B,63411,4899,6342,11689
1260,2024-01-12,Partners,East,Product_D,51570,5552,2777,6741
1261,2023-01-29,Email,West,Product_A,74952,4835,2409,4163
1262,2024-11-03,Billboard,West,Product_A,47494,6876,5923,16968
1263,2023-06-12,Email,Central,Product_B,46722,6370,2962,6632
1264,2023-06-05,Email,Central,Product_C,61225,6742,4193,10657
1265,2023-11-07,TV,North,Product_D,50351,7288,9979,21903
1266,2024-06-03,Partners,Central,Product_C,17963,1934,2271,7043
1267,2024-02-18,Social Media,North,Product_A,97059,3133,1954,4348
1268,2024-05-02,Email,South,Product_B,14819,2014,512,2203
1269,2024-03-06,Social Media,North,Product_C,16004,243,437,1052
1270,2024-10-08,Social Media,South,Product_C,15111,1629,1840,7632
1271,2023-07-24,Google Ads,East,Product_D,58345,6128,6993,22535
1272,2024-06-25,Google Ads,North,Product_A,83459,12049,10011,12430
1273,2023-01-06,Email,West,Product_A,45657,1641,964,3952
1274,2024-05-23,Google Ads,South,Product_D,66647,3951,8235,18671
1275,2023-03-10,TV,West,Product_D,10288,922,556,1181
1276,2024-05-25,Google Ads,North,Product_C,3954,163,465,1505
1277,2024-12-21,Email,North,Product_B,38757,793,392,1793
1278,2024-05-27,Email,West,Product_A,72557,7810,1691,5661
1279,2023-09-27,Partners,North,Product_A,45308,3126,1971,5393
1280,2023-07-29,Billboard,East,Product_A,31882,2521,3193,9903
1281,2023-02-06,Email,North,Product_D,79400,9011,6376,23409
1282,2023-05-13,Email,North,Product_A,5666,450,128,299
1283,2023-08-22,Social Media,North,Product_A,26712,2264,4524,16568
1284,2024-07-19,TV,North,Product_D,50444,5415,5889,11831
1285,2024-03-24,Social Media,Central,Product_C,47109,1748,2160,2981
1286,2024-08-25,Social Media,South,Product_D,98973,11417,21737,44917
1287,2023-01-16,Partners,South,Product_A,11041,197,189,370
1288,2024-09-08,Partners,South,Product_C,18002,1707,1741,2345
1289,2023-09-14,Billboard,South,Product_D,93439,10552,7685,24223
1290,2024-12-31,Email,East,Product_C,86674,3830,2626,6182
1291,2023-04-17,Social Media,East,Product_D,93471,13373,17721,37487
1292,2024-06-17,Google Ads,East,Product_B,17088,1061,2715,6480
1293,2024-12-16,TV,West,Product_A,3790,302,137,279
1294,2023-03-28,Social Media,East,Product_D,65927,833,948,2065
1295,2024-01-24,Google Ads,West,Product_A,87560,4616,8769,14868
1296,2024-09-15,Email,East,Product_B,4584,264,170,420
1297,2023-02-28,Social Media,Central,Product_D,95541,13427,12988,52733
1298,2024-03-10,Billboard,Central,Product_C,22305,3221,2772,9303
1299,2023-01-16,Email,East,Product_A,33759,3983,1304,2760
1300,2023-10-08,Email,East,Product_C,86594,10688,5502,10371
1301,2023-11-25,Email,South,Product_D,61650,765,118,171
1302,2024-10-15,Billboard,South,Product_D,8678,790,312,1203
1303,2023-03-07,TV,South,Product_C,37194,1723,2053,3417
1304,2024-09-24,Partners,North,Product_B,16000,1626,988,2635
1305,2023-11-21,Social Media,Central,Product_B,8970,1284,2870,8021
1306,2023-12-28,Billboard,North,Product_B,46839,1184,1075,1430
1307,2023-07-28,Email,Central,Product_C,90262,6159,3295,9553
1308,2023-12-01,Billboard,East,Product_C,54495,7391,5540,18723
1309,2023-02-01,Google Ads,East,Product_A,39125,5487,15300,25492
1310,2023-11-17,Billboard,Central,Product_C,29163,1838,1836,4558
1311,2024-10-26,Social Media,North,Product_B,75108,6045,8970,24483
1312,2023-05-05,Billboard,North,Product_D,87402,7291,6045,15783
1313,2023-10-28,Google Ads,East,Product_B,48443,2050,2778,12185
1314,2024-03-31,Partners,West,Product_C,11445,678,717,2964
1315,2024-09-11,Google Ads,West,Product_D,31115,2791,7212,13371
1316,2024-02-22,Partners,Central,Product_B,80370,3732,2805,4799
1317,2024-03-07,Billboard,South,Product_D,83920,11195,6019,11412
1318,2023-06-20,Social Media,West,Product_C,73689,8075,10463,22400
1319,2024-03-17,Social Media,South,Product_A,18351,1506,2112,4974
1320,2023-05-11,TV,Central,Product_B,94321,4817,4522,14527
1321,2024-09-15,Billboard,North,Product_A,10666,1209,877,2173
1322,2024-04-05,Partners,West,Product_C,63535,6862,9447,32942
1323,2024-06-05,Social Media,South,Product_A,78798,7330,12190,28647
1324,2023-06-30,Billboard,Central,Product_C,13700,582,519,850
1325,2024-06-21,Billboard,Central,Product_D,38389,2118,1445,2210
1326,2023-08-04,TV,Central,Product_C,76384,10169,9182,17383
1327,2023-10-22,Email,West,Product_D,30312,4060,1311,6433
1328,2023-04-19,Google Ads,East,Product_B,13579,529,1382,3353
1329,2023-02-10,Billboard,Central,Product_B,1873,146,187,393
1330,2024-08-07,TV,West,Product_B,60486,3102,1784,7031
1331,2024-03-31,TV,West,Product_C,12385,1622,3226,8268
1332,2023-12-29,Social Media,South,Product_A,43875,1401,1476,4436
1333,2024-11-19,Social Media,East,Product_A,57803,1390,2389,5452
1334,2024-07-25,Partners,North,Product_A,33232,969,849,3616
1335,2023-09-29,TV,South,Product_D,25524,2876,2450,5994
1336,2024-06-12,Partners,South,Product_A,57927,1124,1271,2072
1337,2024-03-04,Partners,East,Product_D,83709,7679,9543,28302
1338,2023-07-04,Email,South,Product_C,88552,6898,4332,9824
1339,2024-05-07,Email,North,Product_B,15728,2277,1566,5082
1340,2024-04-02,Email,South,Product_D,16180,560,405,1159
1341,2024-02-12,Partners,South,Product_D,65117,6130,8043,10885
1342,2023-08-09,TV,North,Product_C,35289,3687,3900,13121
1343,2023-09-24,Social Media,East,Product_D,96444,3920,6253,9775
1344,2023-08-15,Billboard,South,Product_B,82957,2110,3084,7258
1345,2024-07-06,Social Media,North,Product_D,12829,1529,1605,4432
1346,2023-03-06,Partners,North,Product_B,48460,4117,7119,23991
1347,2023-08-23,Email,South,Product_C,44450,3017,1453,2183
1348,2023-01-21,Billboard,North,Product_D,64556,1027,656,1104
1349,2024-12-05,Google Ads,North,Product_C,99292,2711,6727,16439
1350,2023-10-04,Social Media,North,Product_A,67127,7457,13588,24449
1351,2024-07-08,Billboard,South,Product_A,97452,8999,6923,30116
1352,2023-11-28,TV,Central,Product_A,40603,1963,1421,3357
1353,2024-04-27,TV,East,Product_D,13197,542,569,1088
1354,2024-12-20,Billboard,Central,Product_B,51123,634,568,1303
1355,2024-07-13,Partners,North,Product_D,30368,2760,1062,3524
1356,2024-05-03,Billboard,North,Product_C,44572,1342,1417,2510
1357,2023-08-01,TV,Central,Product_B,11995,357,494,1503
1358,2024-08-03,Google Ads,North,Product_D,34033,2302,5472,14164
1359,2024-12-06,Billboard,Central,Product_D,1730,82,45,129
1360,2024-05-26,Email,South,Product_C,61472,6715,3079,14547
1361,2023-03-25,Social Media,West,Product_A,50241,1397,662,1432
1362,2023-07-22,TV,North,Product_A,56598,4489,6292,13867
1363,2024-07-14,TV,West,Product_A,39895,1055,2102,8518
1364,2023-10-05,Billboard,East,Product_C,74899,7567,3555,8212
1365,2024-09-20,Partners,East,Product_C,62880,4703,7810,33754
1366,2023-05-19,Google Ads,Central,Product_D,2287,124,127,440
1367,2023-01-06,Email,South,Product_B,91969,2128,904,1687
1368,2024-08-31,Google Ads,North,Product_C,84406,7451,8512,32862
1369,2023-10-09,Email,West,Product_C,49139,4787,1876,4107
1370,2024-11-06,Google Ads,North,Product_B,14497,1627,2069,3398
1371,2024-06-18,Billboard,West,Product_C,76452,9027,9122,23693
1372,2024-09-22,Partners,West,Product_B,23033,238,160,410
1373,2024-09-21,Google Ads,South,Product_B,63320,8386,11539,31559
1374,2024-06-07,TV,West,Product_D,43872,2297,3711,7300
1375,2024-01-30,Partners,West,Product_C,41863,5333,4233,7630
1376,2023-08-08,Google Ads,East,Product_B,58310,5158,9161,35348
1377,2024-07-25,TV,East,Product_B,4315,566,1001,3113
1378,2024-03-10,Google Ads,Central,Product_B,51129,3189,9055,29525
1379,2024-01-05,Billboard,South,Product_A,77832,4160,1717,3544
1380,2023-01-14,Billboard,East,Product_A,85832,4162,3639,6545
1381,2023-09-17,Email,North,Product_A,95113,13302,9954,30485
1382,2024-04-29,Partners,Central,Product_A,6006,370,446,1645
1383,2023-07-01,Google Ads,North,Product_D,16653,297,632,793
1384,2024-07-11,Email,South,Product_A,44603,5674,3738,9640
1385,2024-08-23,Partners,East,Product_A,88096,5853,8912,20903
1386,2024-05-28,Google Ads,East,Product_A,23621,1702,2146,4298
1387,2023-06-27,Partners,North,Product_C,36882,3263,1679,5378
1388,2023-03-30,Billboard,West,Product_A,16238,2249,1167,1783
1389,2024-10-03,Social Media,South,Product_A,29511,2930,3746,17513
1390,2023-11-12,Partners,South,Product_B,41696,728,974,1485
1391,2023-11-20,TV,South,Product_B,36756,4914,3358,8403
1392,2023-09-28,Social Media,West,Product_C,76850,4680,8612,28959
1393,2024-12-04,Google Ads,North,Product_D,21408,1826,2018,5966
1394,2024-11-29,Email,South,Product_C,92705,13496,6491,18774
1395,2024-06-09,Google Ads,East,Product_B,62300,2898,8150,24549
1396,2024-05-01,Google Ads,West,Product_C,49795,4428,9652,32364
1397,2023-04-18,Partners,East,Product_A,21807,1504,1231,2919
1398,2024-01-02,Email,South,Product_D,72667,2620,427,1465
1399,2024-08-12,Partners,West,Product_D,63072,7995,5625,12354
1400,2024-11-25,TV,East,Product_A,31710,3705,6822,17984
1401,2023-10-03,Billboard,West,Product_A,22499,1838,2585,12288
1402,2024-06-20,Google Ads,Central,Product_B,18025,1854,4621,5696
1403,2023-05-25,Email,West,Product_D,22671,1688,920,1478
1404,2023-11-11,Social Media,South,Product_B,27649,1966,3447,6714
1405,2024-01-19,Social Media,West,Product_B,46182,1107,1593,3275
1406,2024-04-28,Partners,West,Product_D,93566,4115,6722,14787
1407,2023-05-17,TV,East,Product_C,89440,10039,10835,20002
1408,2024-05-15,Partners,Central,Product_A,30057,4027,2413,4621
1409,2024-05-28,Social Media,Central,Product_D,11127,1116,779,1268
1410,2024-03-21,Social Media,East,Product_D,86726,3051,2200,5537
1411,2024-05-07,Social Media,East,Product_D,24529,806,1352,4745
1412,2023-03-26,Email,North,Product_D,2602,84,19,58
1413,2023-01-12,TV,West,Product_D,8144,426,346,1133
1414,2024-04-06,Billboard,East,Product_D,94326,5367,5055,14282
1415,2024-03-10,Billboard,West,Product_A,20711,227,326,910
1416,2024-06-11,Billboard,West,Product_D,7362,552,191,684
1417,2023-02-21,Billboard,East,Product_C,56797,3251,2130,7750
1418,2023-07-03,Email,East,Product_D,3296,239,78,95
1419,2023-02-07,Billboard,West,Product_B,23968,521,215,770
1420,2024-03-17,Email,East,Product_D,91307,8803,6173,29222
1421,2024-06-20,Billboard,West,Product_A,11031,614,212,727
1422,2023-04-14,TV,Central,Product_A,45272,6330,10120,18456
1423,2023-09-21,Partners,North,Product_D,16260,1969,2262,9644
1424,2024-07-06,Google Ads,North,Product_C,76148,5803,14076,41895
1425,2023-07-10,Email,Central,Product_A,80249,5281,1366,2124
1426,2023-08-01,Social Media,West,Product_B,37014,1753,2679,9403
1427,2023-08-15,Google Ads,North,Product_C,29974,567,731,2868
1428,2024-08-25,TV,Central,Product_C,71969,4639,8757,12128
1429,2023-12-21,TV,South,Product_D,98330,7852,9827,17669
1430,2024-02-17,Social Media,Central,Product_A,83756,6542,14542,28529
1431,2024-06-26,Email,East,Product_C,99416,5383,2985,5050
1432,2023-06-20,Billboard,East,Product_D,55446,8284,2717,11048
1433,2024-05-17,Google Ads,West,Product_B,50601,4806,12684,18365
1434,2023-04-24,Billboard,East,Product_B,21855,2564,3797,15437
1435,2023-12-27,Google Ads,West,Product_C,42864,5052,10673,37514
1436,2024-10-10,Partners,East,Product_D,30504,3973,4142,13172
1437,2024-04-05,Google Ads,South,Product_D,38802,406,1052,3920
1438,2024-11-30,Social Media,West,Product_D,55823,3764,6005,14330
1439,2024-09-26,Billboard,North,Product_D,3992,221,132,379
1440,2023-04-04,Email,North,Product_D,73359,5985,1590,5862
1441,2023-09-03,Google Ads,West,Product_B,43300,1237,934,1541
1442,2024-04-15,Google Ads,Central,Product_D,32704,3975,11665,24599
1443,2024-09-10,Email,South,Product_B,61583,6841,1312,4906
1444,2024-02-21,Billboard,West,Product_D,10222,1222,1770,6710
1445,2024-09-13,Partners,Central,Product_A,58477,4521,6177,12948
1446,2023-02-10,Email,West,Product_D,57175,6874,1458,6090
1447,2024-08-16,Social Media,South,Product_C,55118,5617,3962,8263
1448,2023-09-28,Social Media,East,Product_A,61062,8297,11075,20020
1449,2023-10-30,Partners,West,Product_C,60031,6479,7421,25634
1450,2023-06-01,Billboard,East,Product_A,29969,3992,3897,11314
1451,2023-06-12,Billboard,East,Product_D,94464,6761,4420,16586
1452,2023-05-31,Billboard,East,Product_D,34725,3442,1148,2054
1453,2024-08-21,Social Media,East,Product_C,95521,7756,15639,43061
1454,2023-06-24,Email,South,Product_C,69594,4343,2906,6319
1455,2024-06-21,TV,South,Product_D,50790,609,1166,2432
1456,2023-08-18,Google Ads,East,Product_A,86196,3238,5818,18423
1457,2023-01-13,Partners,Central,Product_B,98173,3765,4818,9132
1458,2023-12-04,Billboard,North,Product_C,73520,10633,13992,29755
1459,2023-02-27,TV,Central,Product_B,33072,1516,2399,8434
1460,2023-09-08,Google Ads,West,Product_B,6273,922,1141,2868
1461,2023-03-07,Google Ads,Central,Product_C,8977,350,414,1390
1462,2023-04-11,Billboard,North,Product_C,84087,1700,1485,3812
1463,2023-04-13,Billboard,Central,Product_B,79419,6211,6106,21947
1464,2023-04-25,Partners,West,Product_B,78193,9602,11620,21488
1465,2024-02-21,Billboard,East,Product_D,83723,2906,2640,9345
1466,2023-11-03,Email,Central,Product_B,45714,2218,1079,2363
1467,2023-07-06,TV,North,Product_C,67787,5143,3399,5424
1468,2023-11-08,Social Media,West,Product_C,84608,8983,17342,26328
1469,2023-08-26,Google Ads,East,Product_C,42945,5037,8726,35216
1470,2023-08-04,Billboard,South,Product_C,21498,792,614,941
1471,2024-11-09,Google Ads,East,Product_D,86654,8087,12943,35935
1472,2023-09-27,TV,East,Product_C,20003,1057,1651,5245
1473,2023-11-12,TV,Central,Product_D,55673,600,1142,1768
1474,2024-10-23,Google Ads,West,Product_C,3553,442,479,1289
1475,2024-01-18,Social Media,East,Product_D,51122,2842,4143,6864
1476,2024-05-30,TV,East,Product_A,10755,473,435,1330
1477,2024-04-26,Social Media,West,Product_D,33747,1661,2561,4749
1478,2024-10-16,Email,East,Product_C,58425,8138,1762,3719
1479,2023-11-29,Partners,West,Product_B,20715,1917,2211,6184
1480,2023-12-02,Billboard,Central,Product_C,73964,6238,4052,7327
1481,2023-03-11,Partners,East,Product_C,59437,6812,4432,8539
1482,2024-01-06,Email,South,Product_C,34470,3257,2311,4641
1483,2024-03-13,TV,West,Product_A,70258,1295,2568,6496
1484,2023-02-02,Billboard,East,Product_D,38047,3442,3652,12660
1485,2024-07-25,Social Media,Central,Product_B,68305,8775,5334,21642
1486,2023-07-15,Social Media,West,Product_C,62042,4540,9238,33714
1487,2023-03-16,Google Ads,Central,Product_C,60512,5075,11480,39106
1488,2023-01-22,TV,Central,Product_C,1832,178,182,247
1489,2023-06-04,Email,South,Product_C,70778,5243,2879,10300
1490,2023-12-30,Partners,Central,Product_B,25752,3044,1943,2717
1491,2024-09-08,Social Media,South,Product_C,10078,562,571,977
1492,2023-11-07,Google Ads,West,Product_C,31537,4449,4988,9320
1493,2024-03-26,Social Media,West,Product_A,59189,7780,15463,22803
1494,2024-03-25,TV,South,Product_B,50873,4712,2824,11123
1495,2024-08-15,Partners,Central,Product_A,22349,2590,1342,3883
1496,2023-11-21,TV,South,Product_B,12900,1573,1534,2516
1497,2024-04-12,Social Media,North,Product_D,56052,3701,7377,22315
1498,2023-03-08,TV,East,Product_B,92909,2027,2898,7047
1499,2023-10-09,Partners,East,Product_A,19446,2501,1496,2304
1500,2023-05-24,Partners,West,Product_A,9019,842,542,1590
1501,2024-09-24,TV,South,Product_D,23599,812,998,2222
1502,2024-11-15,Google Ads,East,Product_A,22282,316,344,797
1503,2023-09-29,Billboard,East,Product_A,4385,247,337,653
1504,2024-02-22,Social Media,Central,Product_D,79447,8830,6671,10615
1505,2023-08-17,Social Media,West,Product_A,15733,2291,2946,9261
1506,2024-03-26,Google Ads,Central,Product_A,41819,3206,8845,16933
1507,2024-07-06,Email,Central,Product_A,63624,5025,3259,7400
1508,2024-06-11,Google Ads,South,Product_B,87403,1879,1554,4805
1509,2023-04-18,Google Ads,South,Product_C,25199,2827,3739,11971
1510,2024-08-27,Billboard,Central,Product_C,18263,1021,765,1627
1511,2023-02-05,Partners,West,Product_A,26938,3963,1466,5435
1512,2023-09-01,Google Ads,West,Product_C,2535,228,401,1019
1513,2024-08-14,TV,West,Product_B,60400,5857,7458,11611
1514,2024-06-10,Email,East,Product_B,34460,1989,1338,4469
1515,2023-04-09,Partners,East,Product_C,9272,1107,1048,1681
1516,2023-04-07,Google Ads,West,Product_A,16765,1459,1910,6220
1517,2024-03-22,Billboard,North,Product_B,53108,6628,9032,19691
1518,2024-11-27,Google Ads,North,Product_B,97129,11096,20653,73937
1519,2024-06-27,Billboard,North,Product_C,71707,3030,4352,11377
1520,2023-04-13,Partners,South,Product_B,99448,10964,12138,45038
1521,2023-07-27,Email,North,Product_D,39862,2573,1191,2998
1522,2023-11-26,Google Ads,East,Product_A,10813,488,943,2694
1523,2024-09-19,Billboard,North,Product_A,99981,6743,3186,13128
1524,2023-09-06,TV,South,Product_D,52249,4848,3867,7679
1525,2023-10-10,Google Ads,West,Product_A,96155,10918,31295,56824
1526,2024-11-19,Email,East,Product_A,84460,2231,751,1420
1527,2024-04-27,Google Ads,West,Product_C,17366,1489,3073,7111
1528,2023-12-16,Email,North,Product_D,34482,889,382,1387
1529,2024-12-09,TV,East,Product_B,69529,1698,3389,10800
1530,2024-01-07,Google Ads,West,Product_D,56269,1008,859,3546
1531,2023-10-10,Email,Central,Product_C,56003,5789,1741,2947
1532,2024-12-31,TV,South,Product_D,30017,2784,4078,8386
1533,2024-12-26,TV,Central,Product_D,80511,6654,12512,32610
1534,2024-08-27,Partners,North,Product_A,16397,2383,1630,5412
1535,2024-09-10,TV,West,Product_A,46521,4679,5167,16689
1536,2023-02-08,TV,West,Product_A,29316,2619,1148,3368
1537,2024-02-27,Social Media,West,Product_C,48000,5979,6393,21357
1538,2024-04-01,Social Media,East,Product_D,92633,13777,12725,36604
1539,2024-07-14,Partners,East,Product_D,99739,5864,8747,38352
1540,2023-12-08,Email,Central,Product_B,42488,5354,1128,4039
1541,2023-11-17,Billboard,West,Product_B,51160,1959,2599,6362
1542,2024-03-24,Email,South,Product_B,43304,529,139,317
1543,2024-10-19,Billboard,East,Product_B,53162,5134,2008,3922
1544,2024-11-10,TV,East,Product_B,94832,5464,5278,9006
1545,2023-10-28,Billboard,Central,Product_A,43445,6513,5412,8919
1546,2024-11-14,Email,North,Product_D,30421,3852,2850,5032
1547,2024-10-25,Google Ads,South,Product_A,39901,1760,1143,4166
1548,2024-02-29,Billboard,Central,Product_B,55044,1984,1829,4777
1549,2024-02-01,Partners,East,Product_C,35544,2501,2151,6897
1550,2024-07-07,Email,North,Product_B,43160,5627,4173,9038
1551,2023-05-12,Social Media,Central,Product_D,71170,3835,7298,24869
1552,2024-12-19,Partners,Central,Product_B,61986,2955,4495,11470
1553,2024-08-28,TV,North,Product_B,3898,344,445,664
1554,2024-12-24,Google Ads,North,Product_C,9573,1375,1736,4577
1555,2023-01-29,Partners,Central,Product_D,57469,6240,10419,34256
1556,2024-04-07,Email,Central,Product_C,44323,1886,1186,3102
1557,2024-07-06,Partners,Central,Product_C,1888,275,116,413
1558,2023-03-14,Billboard,North,Product_D,96732,3150,1680,7724
1559,2023-07-03,Google Ads,North,Product_D,96507,2579,2098,8469
1560,2024-12-02,TV,West,Product_D,92280,7051,12378,21484
1561,2023-07-01,Partners,West,Product_C,66494,1509,1078,1965
1562,2024-10-24,Partners,North,Product_C,60208,6939,7517,12401
1563,2024-07-24,Social Media,East,Product_A,23087,236,524,719
1564,2023-11-10,Social Media,Central,Product_C,10094,1451,1145,2827
1565,2023-08-12,Email,North,Product_B,79606,4966,1272,3996
1566,2023-07-01,Billboard,South,Product_D,4976,483,686,3002
1567,2023-05-04,Email,East,Product_A,46751,4938,2489,3628
1568,2023-07-17,Billboard,South,Product_C,60594,8483,8123,19453
1569,2023-04-30,Partners,Central,Product_A,45347,2016,1104,4282
1570,2024-02-18,Social Media,East,Product_A,63970,7902,16494,64889
1571,2023-04-12,Billboard,North,Product_C,70119,6227,7115,23027
1572,2024-10-20,Google Ads,East,Product_C,18757,1363,1465,5405
1573,2024-03-21,TV,North,Product_D,4123,324,296,748
1574,2024-05-24,Email,North,Product_A,25651,3656,1222,4498
1575,2024-07-09,Google Ads,East,Product_A,71030,988,2885,6471
1576,2024-07-04,Social Media,West,Product_B,67682,4190,7158,20523
1577,2023-07-10,Google Ads,East,Product_A,94589,3642,3992,8781
1578,2024-01-26,Google Ads,North,Product_C,1621,221,482,1640
1579,2023-07-01,TV,South,Product_C,53685,873,547,1274
1580,2024-03-08,Partners,Central,Product_C,27853,3945,4989,17851
1581,2023-01-11,TV,West,Product_D,37449,4792,3369,9897
1582,2023-01-11,Partners,West,Product_A,92226,10827,5743,13743
1583,2023-04-28,Social Media,South,Product_D,9716,346,359,1182
1584,2024-11-28,Partners,West,Product_C,71288,3571,5526,13765
1585,2024-02-09,Google Ads,North,Product_D,27317,759,2268,4640
1586,2023-08-23,Social Media,West,Product_B,11958,1396,2654,5971
1587,2024-03-24,Partners,South,Product_D,79250,9325,11917,42240
1588,2023-08-04,Partners,East,Product_A,75553,905,510,1582
1589,2023-06-29,Email,West,Product_B,85428,1529,577,2238
1590,2023-08-19,Google Ads,South,Product_C,87246,9681,6396,20066
1591,2024-09-08,Billboard,East,Product_B,19790,1713,1166,1532
1592,2024-06-14,Billboard,North,Product_B,95906,13483,10037,14220
1593,2023-08-28,Social Media,West,Product_A,74755,1358,1558,5518
1594,2024-10-05,Social Media,Central,Product_A,3594,362,756,3157
1595,2023-10-17,Partners,Central,Product_D,59939,8237,5623,13031
1596,2024-10-13,TV,West,Product_B,60535,5151,5028,10126
1597,2023-06-28,TV,East,Product_B,49244,5594,6101,9957
1598,2024-02-25,Partners,Central,Product_B,53721,1477,1812,3453
1599,2024-03-03,TV,West,Product_D,51913,3887,3655,9017
1600,2024-06-26,Google Ads,South,Product_B,94400,3467,3699,14929
1601,2024-09-25,Email,West,Product_D,50127,5020,1396,1979
1602,2024-10-29,TV,East,Product_D,7669,290,272,1110
1603,2024-06-13,TV,South,Product_D,4124,441,448,1226
1604,2024-11-27,Billboard,South,Product_D,76375,9123,4902,12159
1605,2023-05-14,TV,East,Product_A,89629,2114,1066,2073
1606,2023-02-24,Email,North,Product_C,47752,1834,440,1077
1607,2024-01-07,Billboard,East,Product_D,63270,3632,1853,4943
1608,2023-06-13,Google Ads,South,Product_D,16524,1396,2909,5687
1609,2024-04-25,Partners,East,Product_B,15858,1632,906,2729
1610,2023-05-19,TV,West,Product_D,63505,2150,928,3558
1611,2024-03-27,Billboard,Central,Product_B,59632,8059,11801,47457
1612,2023-12-14,Social Media,East,Product_A,24230,700,693,1359
1613,2024-11-15,Google Ads,East,Product_C,94245,11402,28365,87343
1614,2024-05-21,Social Media,Central,Product_D,23159,1415,1280,4593
1615,2023-01-25,TV,East,Product_B,7817,788,1198,3354
1616,2023-12-12,Social Media,East,Product_D,87430,1856,2676,6290
1617,2024-10-01,Social Media,Central,Product_A,40676,2574,5349,9456
1618,2024-11-19,Email,West,Product_C,49076,6008,3978,12998
1619,2023-12-17,Google Ads,East,Product_C,73401,2716,3465,5741
1620,2024-11-18,Social Media,East,Product_A,4015,495,941,1238
1621,2024-01-18,Social Media,South,Product_B,12453,1630,761,1382
1622,2024-09-24,Social Media,South,Product_D,83706,11072,20649,28172
1623,2024-12-22,Google Ads,South,Product_A,25323,578,1666,2955
1624,2023-08-27,Google Ads,North,Product_A,51711,2836,5304,11676
1625,2024-05-22,Billboard,South,Product_D,38757,4357,4401,15519
1626,2024-06-03,Social Media,North,Product_B,26915,1261,2560,6120
1627,2023-05-07,Partners,North,Product_B,25516,3286,4629,8973
1628,2024-08-29,Email,Central,Product_D,67408,6719,1887,3640
1629,2023-09-04,Billboard,North,Product_C,37890,4380,1653,2482
1630,2023-03-03,Billboard,West,Product_A,89347,10455,12120,21261
1631,2023-04-01,Email,Central,Product_C,92498,9744,5426,7745
1632,2023-11-23,TV,East,Product_D,49554,3962,6424,19063
1633,2023-07-14,Google Ads,Central,Product_B,6596,703,1113,3684
1634,2024-02-17,TV,West,Product_D,21012,628,1005,1830
1635,2023-05-23,Email,West,Product_B,53352,3265,1340,5903
1636,2023-06-04,Billboard,South,Product_B,13431,165,143,254
1637,2024-05-24,TV,South,Product_C,73001,3567,2510,7568
1638,2024-03-21,Google Ads,West,Product_A,47316,6841,5203,11841
1639,2023-10-24,Google Ads,South,Product_D,29364,2005,1265,2283
1640,2024-10-07,Email,Central,Product_D,81167,2196,499,1248
1641,2024-12-06,Google Ads,East,Product_D,9273,115,171,458
1642,2024-12-05,Google Ads,East,Product_D,37769,3312,6575,12497
1643,2023-05-11,Email,Central,Product_B,93812,8724,2549,8984
1644,2024-04-26,Social Media,East,Product_A,51350,5906,9287,15732
1645,2024-09-09,Partners,East,Product_A,59914,3866,2398,9257
1646,2024-01-08,Social Media,West,Product_B,30272,2985,3101,10930
1647,2023-05-30,Email,East,Product_D,42178,3992,1883,7290
1648,2024-09-03,Billboard,North,Product_C,97130,1794,2442,6875
1649,2023-09-12,TV,West,Product_A,40082,1865,1175,2003
1650,2024-03-07,Social Media,East,Product_D,20348,1475,1678,3069
1651,2023-11-18,Social Media,East,Product_D,37169,1400,2158,5020
1652,2023-11-27,Social Media,North,Product_A,43799,3826,4261,11039
1653,2024-07-17,Social Media,West,Product_C,52843,1845,2866,10588
1654,2023-11-28,Billboard,Central,Product_A,68070,1213,1407,1900
1655,2023-03-11,Google Ads,South,Product_A,69521,2285,5285,8375
1656,2024-01-01,Email,North,Product_D,46032,5299,2360,6856
1657,2024-10-19,TV,South,Product_A,28165,2050,1198,3876
1658,2023-09-03,Social Media,Central,Product_A,7879,787,1341,2622
1659,2023-08-27,Google Ads,South,Product_C,43329,2784,5908,14798
1660,2023-10-24,TV,North,Product_D,73093,1426,1027,1367
1661,2024-05-18,Social Media,East,Product_A,77229,10304,14080,47198
1662,2023-06-05,Billboard,North,Product_C,35818,3147,2873,4480
1663,2024-09-14,Email,East,Product_B,43868,5953,2295,6966
1664,2024-04-01,Billboard,Central,Product_D,27816,997,348,1400
1665,2023-07-30,Google Ads,Central,Product_C,91406,9541,26027,84559
1666,2023-02-25,Partners,South,Product_C,29417,2399,1880,3102
1667,2023-12-08,Google Ads,West,Product_D,95367,5324,15770,37865
1668,2024-05-18,TV,Central,Product_C,88428,11498,9171,34320
1669,2023-02-01,Billboard,North,Product_A,36944,5180,3440,8785
1670,2023-06-13,Social Media,North,Product_C,29220,2933,6445,19970
1671,2023-10-14,TV,North,Product_C,5586,758,669,1815
1672,2023-07-29,Social Media,North,Product_D,23882,286,173,441
1673,2024-08-16,Partners,Central,Product_C,36398,478,544,1005
1674,2023-08-09,Social Media,West,Product_D,4918,74,90,193
1675,2023-01-14,Billboard,North,Product_A,37808,4135,4807,8299
1676,2024-11-18,Email,South,Product_B,91397,6646,1004,3841
1677,2024-03-21,Billboard,West,Product_B,94791,12207,4354,11110
1678,2024-04-12,TV,Central,Product_B,49924,5102,5071,11490
1679,2024-10-16,Email,West,Product_B,77049,5104,2197,4555
1680,2024-11-19,TV,Central,Product_D,48229,6973,3753,6264
1681,2024-01-03,Partners,West,Product_D,99789,8530,11110,37491
1682,2024-10-02,Google Ads,Central,Product_C,71806,7078,16898,64012
1683,2023-07-30,Partners,West,Product_A,55916,7453,12943,37451
1684,2024-08-12,Social Media,East,Product_B,97955,4089,7063,12713
1685,2024-01-18,Billboard,West,Product_D,29714,2697,3235,13464
1686,2023-08-20,Partners,West,Product_B,91956,12444,7636,13485
1687,2024-05-31,Social Media,West,Product_B,10464,1122,1124,3359
1688,2023-08-03,Billboard,North,Product_B,4080,50,32,77
1689,2024-11-27,Social Media,North,Product_C,60323,8634,10442,23541
1690,2024-12-15,Billboard,East,Product_C,51822,3238,2151,8207
1691,2024-10-12,Billboard,Central,Product_A,90013,7091,2395,3956
1692,2024-12-18,TV,West,Product_A,56404,6001,8355,25483
1693,2024-05-17,Social Media,West,Product_A,64890,7544,4573,7357
1694,2023-09-09,Partners,North,Product_D,50787,5833,4012,11448
1695,2023-11-14,Billboard,West,Product_B,81441,5496,1716,3804
1696,2023-01-29,Billboard,West,Product_A,66807,2363,1487,5114
1697,2024-07-02,Partners,North,Product_C,77763,2058,2209,4150
1698,2023-06-16,Social Media,East,Product_C,56932,1443,1051,3094
1699,2024-05-12,Google Ads,North,Product_D,98587,12121,33611,83763
1700,2023-07-07,Google Ads,East,Product_D,30980,3405,8649,25762
1701,2023-06-18,Google Ads,South,Product_A,58422,4642,11634,33702
1702,2024-12-11,Email,Central,Product_A,55869,4263,1352,3729
1703,2023-03-08,Social Media,East,Product_C,63210,4183,8803,40627
1704,2023-05-04,Social Media,South,Product_A,75766,2738,2200,7120
1705,2024-07-24,Email,West,Product_A,87017,3130,1245,3029
1706,2023-05-31,Email,South,Product_D,2467,153,69,107
1707,2023-09-30,Billboard,Central,Product_A,40759,5431,2522,11662
1708,2023-08-07,Google Ads,West,Product_D,63748,2548,2583,8013
1709,2023-03-14,Google Ads,South,Product_B,9912,761,2264,3041
1710,2024-10-03,TV,East,Product_B,35402,2368,3797,5445
1711,2024-02-09,Social Media,South,Product_C,52219,3810,7450,19116
1712,2024-05-05,Billboard,Central,Product_D,85677,11314,12020,25604
1713,2024-05-24,Social Media,West,Product_A,55698,1074,647,1899
1714,2024-10-18,Social Media,East,Product_C,52546,2591,4198,15068
1715,2024-07-02,Billboard,East,Product_C,62592,5107,3898,15957
1716,2024-12-12,Billboard,Central,Product_B,62515,3575,4038,16214
1717,2024-09-23,Partners,North,Product_C,83460,3968,2895,6485
1718,2023-11-17,Email,South,Product_B,46680,6821,1808,4672
1719,2023-10-13,Email,Central,Product_D,88776,9079,5547,16196
1720,2024-12-05,Email,South,Product_C,94404,8117,2781,10196
1721,2023-06-27,Social Media,East,Product_B,27965,2621,4167,12034
1722,2024-05-23,Email,South,Product_D,64483,7118,5050,12098
1723,2023-09-18,Billboard,North,Product_C,17309,2515,3208,8916
1724,2023-07-13,Email,West,Product_D,73174,6710,2122,5075
1725,2023-02-22,TV,West,Product_A,63438,4517,4069,5822
1726,2023-02-25,Social Media,North,Product_C,15085,1309,1221,5303
1727,2024-12-04,TV,South,Product_A,87546,7819,3250,8186
1728,2023-10-11,Email,West,Product_B,31210,1275,653,2773
1729,2023-12-29,Google Ads,South,Product_A,73575,6752,16404,40511
1730,2024-01-28,Google Ads,Central,Product_A,22023,501,1190,4047
1731,2024-05-12,Social Media,North,Product_B,54267,2221,2836,4365
1732,2023-08-14,Email,North,Product_A,32296,3357,1380,6097
1733,2024-04-01,Google Ads,South,Product_A,11747,789,1314,3039
1734,2024-09-21,TV,North,Product_C,27886,3721,4414,15554
1735,2023-11-26,Social Media,West,Product_D,58958,5596,6274,21683
1736,2024-12-16,Partners,West,Product_B,53953,2104,1661,3544
1737,2023-10-25,Google Ads,West,Product_D,4181,443,864,1987
1738,2024-12-31,Social Media,West,Product_C,48123,3047,4063,16752
1739,2023-04-02,TV,East,Product_C,30957,1475,2741,4683
1740,2023-08-13,Billboard,Central,Product_B,5757,846,623,1597
1741,2023-06-12,Social Media,Central,Product_A,33819,713,1516,3495
1742,2024-03-22,Email,South,Product_B,54669,2931,1355,2128
1743,2023-02-23,Billboard,South,Product_C,72819,5522,4461,6083
1744,2023-07-20,Billboard,North,Product_A,14305,681,844,2793
1745,2024-07-20,Email,South,Product_B,70947,9968,2964,5472
1746,2023-10-06,Billboard,North,Product_A,52616,1520,544,801
1747,2024-09-15,Email,Central,Product_C,61608,2736,697,1050
1748,2024-10-17,Billboard,North,Product_A,50469,1464,943,2645
1749,2024-02-09,Billboard,Central,Product_D,69819,5259,5663,18575
1750,2024-08-14,Partners,West,Product_C,69612,9826,5734,16212
1751,2023-02-07,Google Ads,North,Product_C,40117,1050,2908,6284
1752,2023-01-25,Email,West,Product_B,99344,1216,500,1220
1753,2024-08-27,Partners,South,Product_C,52951,2341,873,1739
1754,2024-05-13,TV,West,Product_D,49702,6636,7573,14054
1755,2023-05-30,Partners,North,Product_C,50025,872,872,2348
1756,2024-03-19,Social Media,Central,Product_C,47500,5935,8563,17672
1757,2024-05-05,Social Media,East,Product_C,26359,1408,1917,2227
1758,2024-12-29,Billboard,East,Product_A,4235,344,363,854
1759,2023-12-09,Billboard,West,Product_C,82496,4596,3408,12551
1760,2024-03-24,TV,West,Product_A,88335,10520,16472,35560
1761,2023-06-07,TV,East,Product_D,96872,10767,8908,20644
1762,2023-04-06,Billboard,West,Product_C,52694,2151,758,904
1763,2024-03-04,Billboard,South,Product_D,20876,1456,1429,4695
1764,2023-03-09,Google Ads,North,Product_C,96320,7471,5667,19505
1765,2024-11-19,TV,North,Product_A,88741,6597,12132,47522
1766,2024-04-25,Email,Central,Product_C,83775,8636,4024,15319
1767,2024-08-26,Billboard,East,Product_B,30648,3803,3120,8598
1768,2023-11-04,TV,West,Product_A,78554,4088,7280,10142
1769,2023-08-17,Google Ads,South,Product_D,21087,2944,6693,17533
1770,2024-02-14,TV,Central,Product_C,40201,858,566,1923
1771,2023-03-09,Email,North,Product_D,54205,6727,1630,3141
1772,2024-01-15,Social Media,East,Product_B,64769,8619,11509,47214
1773,2024-02-20,TV,South,Product_C,32881,3139,2083,3543
1774,2024-01-21,Social Media,North,Product_A,11788,1431,665,1887
1775,2023-04-05,Partners,South,Product_A,1273,96,37,99
1776,2024-11-26,Partners,East,Product_A,6299,208,163,370
1777,2023-03-26,Social Media,Central,Product_A,26198,3157,6518,23072
1778,2023-10-01,Billboard,East,Product_A,81312,4051,1530,3949
1779,2024-10-20,Partners,Central,Product_A,66066,6270,8242,15774
1780,2024-11-11,Google Ads,West,Product_D,48022,6878,9184,34213
1781,2024-03-04,Google Ads,East,Product_C,28596,1249,1195,1686
1782,2024-08-24,Social Media,South,Product_A,59840,1654,2896,5747
1783,2023-11-24,Billboard,South,Product_D,58060,3912,5538,19367
1784,2024-08-24,Email,South,Product_D,87007,1282,312,456
1785,2023-02-02,Email,West,Product_B,66223,4959,3619,15242
1786,2024-04-05,Google Ads,East,Product_D,87298,4720,13202,43119
1787,2023-01-08,Google Ads,East,Product_D,13218,1033,3070,7065
1788,2023-09-03,Billboard,Central,Product_D,37419,5127,5972,17666
1789,2024-10-08,Email,East,Product_C,45194,469,206,734
1790,2023-08-05,Google Ads,East,Product_C,70582,4566,8533,31896
1791,2023-07-21,TV,North,Product_D,95254,8833,7634,29678
1792,2023-10-19,Email,North,Product_D,78243,7651,4782,15761
1793,2024-04-19,Billboard,Central,Product_B,42311,5368,3046,8131
1794,2023-02-09,Google Ads,Central,Product_C,52748,2487,4660,9486
1795,2024-04-05,Google Ads,West,Product_A,57362,957,748,2679
1796,2024-07-13,TV,North,Product_C,79675,8195,9789,29472
1797,2024-07-19,Email,North,Product_B,51990,4601,1597,3749
1798,2024-12-02,TV,North,Product_C,85783,3807,4445,9783
1799,2023-09-22,Google Ads,East,Product_C,55470,1811,2940,8957
1800,2023-10-23,Email,Central,Product_A,10991,1622,1093,2787
1801,2023-09-03,Social Media,East,Product_B,15859,1856,1962,6483
1802,2024-07-01,TV,Central,Product_A,64077,6633,5606,11236
1803,2023-12-28,Google Ads,West,Product_B,72474,10312,24137,97755
1804,2023-03-30,Social Media,South,Product_B,45839,1487,2851,7984
1805,2024-10-08,Email,North,Product_C,52023,6293,2576,10562
1806,2024-02-17,Google Ads,South,Product_B,82405,8178,20087,50092
1807,2023-08-21,Partners,West,Product_D,51760,2852,2471,6688
1808,2023-07-12,Social Media,Central,Product_C,3244,480,1022,3028
1809,2023-01-08,Email,West,Product_A,18574,2377,1204,2691
1810,2023-05-20,TV,West,Product_C,16696,1627,735,2347
1811,2023-11-16,Billboard,West,Product_C,6103,794,290,834
1812,2023-05-21,Partners,East,Product_D,21058,1038,1598,8118
1813,2024-01-08,Social Media,West,Product_C,97813,5083,2495,8843
1814,2024-12-29,Social Media,South,Product_A,48517,1255,2766,8428
1815,2023-05-07,Google Ads,Central,Product_B,77313,9436,10904,28789
1816,2024-07-17,Billboard,North,Product_C,73399,7494,3151,9949
1817,2023-11-16,TV,North,Product_C,36264,4125,2553,5613
1818,2023-01-05,Social Media,West,Product_A,62502,7708,9101,12790
1819,2024-07-28,Google Ads,North,Product_C,23069,828,2321,5753
1820,2023-01-18,TV,South,Product_B,23199,2628,4508,12186
1821,2024-02-22,Social Media,Central,Product_C,76588,9286,17153,34735
1822,2023-03-02,TV,South,Product_D,26227,3291,2857,6752
1823,2024-02-26,Billboard,East,Product_C,33640,3239,4429,12343
1824,2024-09-11,TV,North,Product_A,54155,5020,8006,27033
1825,2024-10-18,Billboard,North,Product_B,18360,2011,1160,1794
1826,2023-03-15,Partners,West,Product_B,29591,1441,731,910
1827,2023-04-24,Partners,North,Product_D,15018,867,846,1720
1828,2023-05-07,Email,East,Product_D,50640,5182,2892,6192
1829,2024-10-12,Google Ads,South,Product_D,47291,1717,3774,12341
1830,2024-05-15,Email,West,Product_A,34044,355,151,307
1831,2023-03-03,Partners,West,Product_C,27717,1881,2979,4785
1832,2024-03-12,Social Media,West,Product_A,77871,5732,5707,9650
1833,2023-10-10,TV,West,Product_C,22031,1701,1872,4011
1834,2024-10-22,TV,West,Product_B,73318,5964,11297,22708
1835,2024-06-18,Email,North,Product_C,87283,7184,2414,4469
1836,2023-04-20,Google Ads,East,Product_C,33020,3833,8448,26077
1837,2024-06-26,Google Ads,West,Product_A,20542,2962,4104,13659
1838,2024-08-04,Email,North,Product_D,26351,954,562,1772
1839,2024-12-13,Email,Central,Product_B,83424,5528,3621,11295
1840,2023-04-09,TV,West,Product_B,33097,1835,3252,8988
1841,2024-06-29,Email,West,Product_B,57468,8278,1323,2324
1842,2023-05-21,Google Ads,West,Product_A,27864,2100,3956,10082
1843,2024-07-15,TV,South,Product_B,97734,3912,3886,4372
1844,2024-08-24,TV,North,Product_C,85281,7880,8823,16141
1845,2023-08-31,Billboard,North,Product_A,33809,4082,3854,13696
1846,2023-02-15,TV,East,Product_B,87153,10111,15832,60029
1847,2023-08-10,TV,East,Product_A,12627,1016,779,1602
1848,2024-12-14,Email,East,Product_D,73913,7940,1319,2475
1849,2023-01-22,Partners,East,Product_B,23553,2947,1997,2601
1850,2023-08-03,Google Ads,South,Product_C,61405,1140,1913,4189
1851,2023-07-29,Email,East,Product_D,21175,2251,1463,2573
1852,2023-06-25,Email,North,Product_B,90710,11611,4670,6352
1853,2023-03-16,Google Ads,West,Product_A,57966,2440,6222,13636
1854,2024-07-22,Partners,Central,Product_C,60382,1934,3376,9947
1855,2024-04-04,TV,South,Product_D,37592,2037,2790,12550
1856,2023-01-21,Google Ads,West,Product_C,50220,5933,10179,18443
1857,2024-12-12,Google Ads,North,Product_B,97600,10544,30355,53448
1858,2024-10-27,Billboard,South,Product_A,68889,2422,3272,9661
1859,2023-02-21,Billboard,Central,Product_A,32653,2790,1116,2373
1860,2023-09-25,Email,Central,Product_B,24371,393,174,490
1861,2023-08-14,Partners,North,Product_B,82899,5962,5610,12945
1862,2023-11-26,TV,South,Product_C,45260,642,1043,4192
1863,2024-12-08,Social Media,North,Product_A,43270,1431,2555,5915
1864,2024-12-05,Google Ads,West,Product_A,58537,7007,13268,37784
1865,2024-09-11,Social Media,South,Product_C,42005,2649,1741,7166
1866,2023-10-27,Email,South,Product_A,72535,8978,4580,13281
1867,2024-05-17,Billboard,North,Product_B,24032,3013,1948,4316
1868,2024-01-24,TV,North,Product_D,62251,851,1156,1492
1869,2023-09-09,TV,East,Product_C,12624,765,937,2496
1870,2024-07-30,Social Media,South,Product_D,20565,2502,3430,12572
1871,2023-02-20,Email,East,Product_B,76605,4791,839,2963
1872,2023-02-24,TV,South,Product_B,54763,5163,7139,17273
1873,2023-01-18,Billboard,Central,Product_B,17484,332,206,257
1874,2024-02-06,Email,Central,Product_A,73848,10200,6049,14853
1875,2024-10-21,Google Ads,Central,Product_D,66332,8839,10585,23757
1876,2023-07-12,Billboard,North,Product_D,36101,1585,1755,3058
1877,2024-11-25,Email,South,Product_C,54430,2811,456,1946
1878,2023-05-14,Email,Central,Product_D,29032,713,517,1075
1879,2023-02-11,TV,East,Product_D,21535,1284,2055,8507
1880,2023-02-13,Google Ads,West,Product_B,95519,9991,14145,39763
1881,2023-01-24,Partners,North,Product_D,50449,2677,3905,14394
1882,2024-06-27,Billboard,North,Product_B,96784,2444,1441,4726
1883,2023-10-10,Email,South,Product_D,80966,10237,1913,4451
1884,2024-12-04,Partners,North,Product_C,32302,1248,814,3815
1885,2023-07-18,Billboard,East,Product_C,93914,2545,2988,12437
1886,2023-04-03,Social Media,Central,Product_D,69971,5269,10703,14118
1887,2023-07-23,Google Ads,Central,Product_A,83689,8789,15663,31255
1888,2023-08-20,Social Media,West,Product_A,95812,1988,1194,4661
1889,2024-05-23,Email,West,Product_A,61517,8889,5911,23070
1890,2024-06-21,Social Media,North,Product_B,28355,3540,7947,9554
1891,2024-02-29,Social Media,Central,Product_B,79275,6606,3128,9070
1892,2024-10-14,Partners,West,Product_C,96585,4801,8260,16866
1893,2024-03-01,Social Media,Central,Product_B,52348,3219,6038,8140
1894,2023-11-15,Billboard,North,Product_A,69938,6958,6888,10684
1895,2023-08-25,TV,Central,Product_D,45951,5850,7830,25076
1896,2023-06-24,Partners,South,Product_B,80504,7589,4227,7679
1897,2023-12-12,TV,North,Product_A,34442,4846,7330,23403
1898,2024-06-16,Billboard,West,Product_A,49081,4823,5949,13879
1899,2024-02-09,TV,West,Product_A,69070,7398,4338,9232
1900,2023-01-19,Social Media,South,Product_A,69191,9264,10193,27066
1901,2023-01-28,TV,South,Product_D,10526,577,918,1293
1902,2023-08-12,Email,East,Product_C,7822,973,443,905
1903,2024-05-12,Partners,West,Product_D,74580,7471,4106,8445
1904,2023-09-28,Email,North,Product_A,32732,1720,830,3734
1905,2023-07-18,Email,East,Product_B,63506,8306,5794,19693
1906,2024-02-22,Social Media,South,Product_B,85559,5339,9358,16818
1907,2024-04-07,Partners,North,Product_A,67505,4155,4737,18302
1908,2023-10-20,Billboard,South,Product_A,94670,14139,21070,49807
1909,2024-09-04,Partners,Central,Product_D,82852,7471,6546,19832
1910,2024-07-19,Partners,Central,Product_D,12751,1714,1309,3416
1911,2024-01-29,Partners,Central,Product_B,20258,1139,562,873
1912,2023-11-14,Billboard,Central,Product_B,23953,3225,1386,5905
1913,2023-08-17,Email,South,Product_D,53980,4801,3487,6126
1914,2023-01-24,Billboard,West,Product_B,53165,5297,4495,14123
1915,2024-10-19,TV,South,Product_B,41567,3684,7336,16160
1916,2023-11-30,Partners,Central,Product_C,86221,3807,6396,14622
1917,2023-01-18,Email,North,Product_C,54408,7302,1611,3340
1918,2024-09-16,TV,East,Product_A,72991,8951,14809,43134
1919,2024-07-11,Partners,South,Product_D,87627,4139,5989,13635
1920,2024-02-21,Partners,North,Product_B,2957,262,388,811
1921,2023-05-30,Google Ads,Central,Product_C,75908,4338,12220,26533
1922,2023-10-01,TV,Central,Product_B,32536,3001,4912,15366
1923,2023-02-11,Social Media,South,Product_D,99609,4116,1900,6625
1924,2024-02-05,TV,North,Product_A,16307,2066,3349,6885
1925,2024-11-15,Google Ads,Central,Product_C,4340,72,54,162
1926,2023-10-13,Social Media,East,Product_A,97695,5372,6799,28432
1927,2024-06-18,Google Ads,Central,Product_D,85157,5753,5435,15040
1928,2023-10-14,Email,North,Product_D,58756,4229,1348,2899
1929,2024-04-04,Google Ads,West,Product_D,89000,2510,2332,4258
1930,2024-05-18,Partners,West,Product_D,7251,1069,1220,3459
1931,2023-09-27,Social Media,West,Product_C,9802,1429,1153,2288
1932,2023-05-16,Email,East,Product_B,27557,1605,1166,2121
1933,2023-03-23,TV,North,Product_B,22531,2364,1242,2199
1934,2023-08-13,TV,South,Product_C,18348,1384,1762,6427
1935,2023-07-14,Google Ads,West,Product_A,88539,7643,10218,34594
1936,2023-06-22,Billboard,East,Product_A,19461,2548,1663,3182
1937,2024-03-17,Email,East,Product_A,31999,2343,1310,4403
1938,2024-07-01,Social Media,South,Product_D,98113,11845,19557,30581
1939,2023-01-15,Google Ads,North,Product_D,78200,6652,6903,18158
1940,2024-03-05,Google Ads,Central,Product_C,97278,12273,30468,94363
1941,2024-03-12,Google Ads,Central,Product_B,16071,2068,2120,6052
1942,2023-01-30,Email,South,Product_D,97834,1292,802,2696
1943,2024-03-14,TV,North,Product_D,63694,6879,7183,23245
1944,2024-02-19,Billboard,South,Product_A,48852,5717,4295,8746
1945,2023-06-25,Google Ads,South,Product_C,43977,4588,3701,11250
1946,2024-01-10,Social Media,East,Product_D,14749,1565,1844,2572
1947,2024-10-28,Google Ads,North,Product_B,43911,3930,11496,49570
1948,2024-07-24,Billboard,Central,Product_C,31830,2234,2302,5258
1949,2023-01-17,Google Ads,South,Product_A,44369,5402,15575,42144
1950,2024-07-09,TV,Central,Product_C,67500,9832,14132,33741
1951,2024-09-16,Billboard,Central,Product_A,85839,1868,1337,4116
1952,2023-02-06,Partners,West,Product_A,47784,6656,4522,12525
1953,2024-05-04,Google Ads,Central,Product_B,4436,624,1051,1923
1954,2024-09-20,Social Media,West,Product_D,81010,6845,7817,15742
1955,2024-03-22,Billboard,West,Product_B,17972,985,977,3072
1956,2024-10-20,Billboard,East,Product_A,53244,5329,5962,19118
1957,2024-12-13,Email,North,Product_C,52138,3301,1722,5764
1958,2023-02-01,Partners,North,Product_B,37647,5118,3051,12442
1959,2023-10-02,Email,South,Product_D,61383,5714,1529,4331
1960,2023-10-29,Google Ads,South,Product_B,90591,7662,15190,30858
1961,2023-08-16,Google Ads,Central,Product_A,45588,3040,3726,14951
1962,2023-07-11,Billboard,East,Product_D,24317,3354,2388,4790
1963,2024-02-18,Billboard,South,Product_B,46000,3871,4792,9693
1964,2024-05-31,Social Media,Central,Product_D,49395,3023,6538,15275
1965,2024-01-31,Billboard,East,Product_A,80938,4440,3930,15028
1966,2023-08-18,Social Media,South,Product_C,83329,8103,16448,73381
1967,2023-03-18,Social Media,West,Product_D,22602,374,519,1776
1968,2023-10-03,Social Media,North,Product_C,28549,1862,1133,1935
1969,2023-12-02,Google Ads,North,Product_B,96542,3310,6906,13382
1970,2024-06-21,Social Media,South,Product_D,59632,7705,4102,13747
1971,2023-06-03,Partners,North,Product_C,12421,185,156,440
1972,2023-05-05,Partners,Central,Product_D,74595,1374,1889,3409
1973,2023-10-06,Email,South,Product_B,68404,5728,3802,7190
1974,2023-05-21,Email,Central,Product_D,55536,1009,347,1195
1975,2024-04-05,Billboard,West,Product_C,40144,5249,2445,8032
1976,2024-11-16,Email,Central,Product_C,97061,8965,6532,20306
1977,2024-12-30,Billboard,East,Product_B,66802,1873,2715,13129
1978,2024-12-10,TV,East,Product_A,18842,2648,1085,1376
1979,2023-11-11,Email,South,Product_B,10535,1518,347,1576
1980,2023-04-29,Email,East,Product_A,28308,305,107,139
1981,2024-10-10,TV,Central,Product_B,90390,2174,1924,7083
1982,2024-01-28,TV,Central,Product_D,19883,1589,2797,9266
1983,2024-04-04,Partners,West,Product_C,85298,5788,8078,17796
1984,2024-12-21,Google Ads,East,Product_C,28413,4061,3114,7570
1985,2024-12-25,Billboard,North,Product_B,25959,3299,1489,5511
1986,2024-10-22,Social Media,East,Product_A,8731,548,254,370
1987,2023-09-26,TV,South,Product_B,95050,8305,7906,25969
1988,2024-02-18,Billboard,North,Product_D,24192,2907,4011,9666
1989,2024-01-07,Billboard,East,Product_D,18782,1184,1580,5453
1990,2024-09-25,Social Media,Central,Product_D,51123,6950,10055,31265
1991,2024-07-16,Google Ads,West,Product_A,85596,6473,4867,12829
1992,2023-08-11,Billboard,Central,Product_B,4836,268,135,413
1993,2024-09-21,Google Ads,West,Product_B,14213,1600,4029,13310
1994,2024-10-17,Email,South,Product_B,31992,4336,1496,4607
1995,2024-08-14,Billboard,South,Product_C,73868,10456,6484,13284
1996,2024-04-19,Partners,West,Product_B,22176,2731,2064,8295
1997,2023-09-25,Email,Central,Product_D,81112,8936,1964,7787
1998,2024-08-19,TV,North,Product_B,75847,2609,1335,1854
1999,2024-09-02,TV,Central,Product_D,95209,2451,2903,9725
2000,2024-08-16,Billboard,Central,Product_B,18126,559,712,1827
